Transect_ID,Tahun,DATE_,Shoreline_Distance,Lag_1,Lag_2,Lag_3,Longitude_UTM,Latitude_UTM,azimuth,tcd,lrr,epr,nsm,sce,shrcount
2,2015,2015-01-01,175.03377,,,,697516.35502,9201539.974229,73.41,50.0,0.002941,0.006445,0.064449,0.064509,11
2,2016,2016-01-01,175.098218,175.03377,,,697516.441562,9201540.0,73.41,50.0,0.002941,0.006445,0.064449,0.064509,11
2,2017,2017-01-01,175.098007,175.098218,175.03377,,697516.441774,9201540.000063,73.41,50.0,0.002941,0.006445,0.064449,0.064509,11
2,2018,2018-01-01,175.097883,175.098007,175.098218,175.03377,697516.441898,9201540.0001,73.41,50.0,0.002941,0.006445,0.064449,0.064509,11
2,2019,2019-01-01,175.098278,175.097883,175.098007,175.098218,697516.441502,9201539.999982,73.41,50.0,0.002941,0.006445,0.064449,0.064509,11
2,2020,2020-01-01,175.098218,175.098278,175.097883,175.098007,697516.441562,9201540.0,73.41,50.0,0.002941,0.006445,0.064449,0.064509,11
2,2021,2021-01-01,175.098218,175.098218,175.098278,175.097883,697516.441562,9201540.0,73.41,50.0,0.002941,0.006445,0.064449,0.064509,11
2,2022,2022-01-01,175.098218,175.098218,175.098218,175.098278,697516.441562,9201540.0,73.41,50.0,0.002941,0.006445,0.064449,0.064509,11
2,2023,2023-01-01,175.098218,175.098218,175.098218,175.098218,697516.441562,9201540.0,73.41,50.0,0.002941,0.006445,0.064449,0.064509,11
2,2024,2024-01-01,175.098218,175.098218,175.098218,175.098218,697516.441562,9201540.0,73.41,50.0,0.002941,0.006445,0.064449,0.064509,11
2,2025,2025-01-01,175.098218,175.098218,175.098218,175.098218,697516.441562,9201540.0,73.41,50.0,0.002941,0.006445,0.064449,0.064509,11
3,2015,2015-01-01,5.041068,,,,697362.263462,9201450.000041,73.86,100.0,1.476616,0.805329,8.053286,18.460173,11
3,2016,2016-01-01,5.040921,5.041068,,,697362.263321,9201450.0,73.86,100.0,1.476616,0.805329,8.053286,18.460173,11
3,2017,2017-01-01,5.040921,5.040921,5.041068,,697362.263321,9201450.0,73.86,100.0,1.476616,0.805329,8.053286,18.460173,11
3,2018,2018-01-01,5.040921,5.040921,5.040921,5.041068,697362.263321,9201450.0,73.86,100.0,1.476616,0.805329,8.053286,18.460173,11
3,2019,2019-01-01,5.040921,5.040921,5.040921,5.040921,697362.263321,9201450.0,73.86,100.0,1.476616,0.805329,8.053286,18.460173,11
3,2020,2020-01-01,13.094447,5.040921,5.040921,5.040921,697370.000089,9201452.236448,73.86,100.0,1.476616,0.805329,8.053286,18.460173,11
3,2021,2021-01-01,23.501083,13.094447,5.040921,5.040921,697380.0,9201455.127097,73.86,100.0,1.476616,0.805329,8.053286,18.460173,11
3,2022,2022-01-01,13.094378,23.501083,13.094447,5.040921,697370.000022,9201452.236429,73.86,100.0,1.476616,0.805329,8.053286,18.460173,11
3,2023,2023-01-01,23.501094,13.094378,23.501083,13.094447,697380.000037,9201455.127108,73.86,100.0,1.476616,0.805329,8.053286,18.460173,11
3,2024,2024-01-01,13.094355,23.501094,13.094378,23.501083,697370.0,9201452.236422,73.86,100.0,1.476616,0.805329,8.053286,18.460173,11
3,2025,2025-01-01,13.094355,13.094355,23.501094,13.094378,697370.0,9201452.236422,73.86,100.0,1.476616,0.805329,8.053286,18.460173,11
4,2015,2015-01-01,11.319928,,,,697380.0,9201431.873933,73.72,150.0,2e-06,0.0,0.0,5.7e-05,11
4,2016,2016-01-01,11.3199,11.319928,,,697379.999915,9201431.873909,73.72,150.0,2e-06,0.0,0.0,5.7e-05,11
4,2017,2017-01-01,11.319928,11.3199,11.319928,,697380.0,9201431.873933,73.72,150.0,2e-06,0.0,0.0,5.7e-05,11
4,2018,2018-01-01,11.319902,11.319928,11.3199,11.319928,697379.99992,9201431.87391,73.72,150.0,2e-06,0.0,0.0,5.7e-05,11
4,2019,2019-01-01,11.319928,11.319902,11.319928,11.3199,697380.0,9201431.873933,73.72,150.0,2e-06,0.0,0.0,5.7e-05,11
4,2020,2020-01-01,11.319956,11.319928,11.319902,11.319928,697380.000091,9201431.87396,73.72,150.0,2e-06,0.0,0.0,5.7e-05,11
4,2021,2021-01-01,11.319928,11.319956,11.319928,11.319902,697380.0,9201431.873933,73.72,150.0,2e-06,0.0,0.0,5.7e-05,11
4,2022,2022-01-01,11.319928,11.319928,11.319956,11.319928,697380.0,9201431.873933,73.72,150.0,2e-06,0.0,0.0,5.7e-05,11
4,2023,2023-01-01,11.319957,11.319928,11.319928,11.319956,697380.000095,9201431.873961,73.72,150.0,2e-06,0.0,0.0,5.7e-05,11
4,2024,2024-01-01,11.319928,11.319957,11.319928,11.319928,697380.0,9201431.873933,73.72,150.0,2e-06,0.0,0.0,5.7e-05,11
4,2025,2025-01-01,11.319928,11.319928,11.319957,11.319928,697380.0,9201431.873933,73.72,150.0,2e-06,0.0,0.0,5.7e-05,11
5,2015,2015-01-01,1.693781,,,,697380.0,9201388.045257,80.94,200.0,1.401535,1.012547,10.125472,12.411995,11
5,2016,2016-01-01,1.693732,1.693781,,,697379.999952,9201388.045249,80.94,200.0,1.401535,1.012547,10.125472,12.411995,11
5,2017,2017-01-01,1.693781,1.693732,1.693781,,697380.0,9201388.045257,80.94,200.0,1.401535,1.012547,10.125472,12.411995,11
5,2018,2018-01-01,1.69375,1.693781,1.693732,1.693781,697379.999969,9201388.045252,80.94,200.0,1.401535,1.012547,10.125472,12.411995,11
5,2019,2019-01-01,1.693781,1.69375,1.693781,1.693732,697380.0,9201388.045257,80.94,200.0,1.401535,1.012547,10.125472,12.411995,11
5,2020,2020-01-01,11.819253,1.693781,1.69375,1.693781,697390.0,9201389.634351,80.94,200.0,1.401535,1.012547,10.125472,12.411995,11
5,2021,2021-01-01,14.105728,11.819253,1.693781,1.69375,697392.301132,9201390.000023,80.94,200.0,1.401535,1.012547,10.125472,12.411995,11
5,2022,2022-01-01,11.819253,14.105728,11.819253,1.693781,697390.0,9201389.634351,80.94,200.0,1.401535,1.012547,10.125472,12.411995,11
5,2023,2023-01-01,11.819253,11.819253,14.105728,11.819253,697390.0,9201389.634351,80.94,200.0,1.401535,1.012547,10.125472,12.411995,11
5,2024,2024-01-01,11.819253,11.819253,11.819253,14.105728,697390.0,9201389.634351,80.94,200.0,1.401535,1.012547,10.125472,12.411995,11
5,2025,2025-01-01,11.819253,11.819253,11.819253,11.819253,697390.0,9201389.634351,80.94,200.0,1.401535,1.012547,10.125472,12.411995,11
6,2015,2015-01-01,32.016905,,,,697410.0,9201345.76802,75.55,250.0,-0.187496,-1.032337,-10.323371,30.975719,11
6,2016,2016-01-01,1.041213,32.016905,,,697379.999993,9201338.043659,75.55,250.0,-0.187496,-1.032337,-10.323371,30.975719,11
6,2017,2017-01-01,32.016929,1.041213,32.016905,,697410.000088,9201345.768042,75.55,250.0,-0.187496,-1.032337,-10.323371,30.975719,11
6,2018,2018-01-01,32.016905,32.016929,1.041213,32.016905,697410.0,9201345.76802,75.55,250.0,-0.187496,-1.032337,-10.323371,30.975719,11
6,2019,2019-01-01,32.016932,32.016905,32.016929,1.041213,697410.0001,9201345.768045,75.55,250.0,-0.187496,-1.032337,-10.323371,30.975719,11
6,2020,2020-01-01,21.693534,32.016932,32.016905,32.016929,697400.0,9201343.193233,75.55,250.0,-0.187496,-1.032337,-10.323371,30.975719,11
6,2021,2021-01-01,32.016905,21.693534,32.016932,32.016905,697410.0,9201345.76802,75.55,250.0,-0.187496,-1.032337,-10.323371,30.975719,11
6,2022,2022-01-01,21.693534,32.016905,21.693534,32.016932,697400.0,9201343.193233,75.55,250.0,-0.187496,-1.032337,-10.323371,30.975719,11
6,2023,2023-01-01,21.693534,21.693534,32.016905,21.693534,697400.0,9201343.193233,75.55,250.0,-0.187496,-1.032337,-10.323371,30.975719,11
6,2024,2024-01-01,21.693534,21.693534,21.693534,32.016905,697400.0,9201343.193233,75.55,250.0,-0.187496,-1.032337,-10.323371,30.975719,11
6,2025,2025-01-01,21.693534,21.693534,21.693534,21.693534,697400.0,9201343.193233,75.55,250.0,-0.187496,-1.032337,-10.323371,30.975719,11
7,2015,2015-01-01,1.214832,,,,697410.0,9201317.911776,75.72,300.0,0.231413,4e-06,4.1e-05,10.314731,11
7,2016,2016-01-01,1.214832,1.214832,,,697410.0,9201317.911776,75.72,300.0,0.231413,4e-06,4.1e-05,10.314731,11
7,2017,2017-01-01,1.214899,1.214832,1.214832,,697410.000065,9201317.911793,75.72,300.0,0.231413,4e-06,4.1e-05,10.314731,11
7,2018,2018-01-01,1.214832,1.214899,1.214832,1.214832,697410.0,9201317.911776,75.72,300.0,0.231413,4e-06,4.1e-05,10.314731,11
7,2019,2019-01-01,1.214935,1.214832,1.214899,1.214832,697410.0001,9201317.911802,75.72,300.0,0.231413,4e-06,4.1e-05,10.314731,11
7,2020,2020-01-01,11.529563,1.214935,1.214832,1.214899,697420.0,9201320.450938,75.72,300.0,0.231413,4e-06,4.1e-05,10.314731,11
7,2021,2021-01-01,1.214832,11.529563,1.214935,1.214832,697410.0,9201317.911776,75.72,300.0,0.231413,4e-06,4.1e-05,10.314731,11
7,2022,2022-01-01,1.214913,1.214832,11.529563,1.214935,697410.000079,9201317.911796,75.72,300.0,0.231413,4e-06,4.1e-05,10.314731,11
7,2023,2023-01-01,9.699946,1.214913,1.214832,11.529563,697418.224138,9201320.000018,75.72,300.0,0.231413,4e-06,4.1e-05,10.314731,11
7,2024,2024-01-01,1.214832,9.699946,1.214913,1.214832,697410.0,9201317.911776,75.72,300.0,0.231413,4e-06,4.1e-05,10.314731,11
7,2025,2025-01-01,1.214872,1.214832,9.699946,1.214913,697410.00004,9201317.911786,75.72,300.0,0.231413,4e-06,4.1e-05,10.314731,11
8,2015,2015-01-01,0.924053,,,,697410.0,9201267.842884,75.63,350.0,2.627122,2.064148,20.641483,20.641483,11
8,2016,2016-01-01,0.924053,0.924053,,,697410.0,9201267.842884,75.63,350.0,2.627122,2.064148,20.641483,20.641483,11
8,2017,2017-01-01,0.924077,0.924053,0.924053,,697410.000023,9201267.84289,75.63,350.0,2.627122,2.064148,20.641483,20.641483,11
8,2018,2018-01-01,0.924053,0.924077,0.924053,0.924053,697410.0,9201267.842884,75.63,350.0,2.627122,2.064148,20.641483,20.641483,11
8,2019,2019-01-01,0.924157,0.924053,0.924077,0.924053,697410.0001,9201267.84291,75.63,350.0,2.627122,2.064148,20.641483,20.641483,11
8,2020,2020-01-01,11.246238,0.924157,0.924053,0.924077,697420.000048,9201270.401506,75.63,350.0,2.627122,2.064148,20.641483,20.641483,11
8,2021,2021-01-01,21.565536,11.246238,0.924157,0.924053,697430.0,9201272.960103,75.63,350.0,2.627122,2.064148,20.641483,20.641483,11
8,2022,2022-01-01,11.246189,21.565536,11.246238,0.924157,697420.0,9201270.401494,75.63,350.0,2.627122,2.064148,20.641483,20.641483,11
8,2023,2023-01-01,21.565536,11.246189,21.565536,11.246238,697430.0,9201272.960103,75.63,350.0,2.627122,2.064148,20.641483,20.641483,11
8,2024,2024-01-01,21.565536,21.565536,11.246189,21.565536,697430.0,9201272.960103,75.63,350.0,2.627122,2.064148,20.641483,20.641483,11
8,2025,2025-01-01,21.565536,21.565536,21.565536,11.246189,697430.0,9201272.960103,75.63,350.0,2.627122,2.064148,20.641483,20.641483,11
9,2015,2015-01-01,31.541599,,,,697440.0,9201225.224272,76.03,400.0,0.655912,-1.030143,-10.301427,30.910051,11
9,2016,2016-01-01,0.631548,31.541599,,,697410.0,9201217.767083,76.03,400.0,0.655912,-1.030143,-10.301427,30.910051,11
9,2017,2017-01-01,31.541599,0.631548,31.541599,,697440.0,9201225.224272,76.03,400.0,0.655912,-1.030143,-10.301427,30.910051,11
9,2018,2018-01-01,0.631548,31.541599,0.631548,31.541599,697410.0,9201217.767083,76.03,400.0,0.655912,-1.030143,-10.301427,30.910051,11
9,2019,2019-01-01,0.631651,0.631548,31.541599,0.631548,697410.0001,9201217.767108,76.03,400.0,0.655912,-1.030143,-10.301427,30.910051,11
9,2020,2020-01-01,21.240173,0.631651,0.631548,31.541599,697430.0,9201222.738542,76.03,400.0,0.655912,-1.030143,-10.301427,30.910051,11
9,2021,2021-01-01,31.541599,21.240173,0.631651,0.631548,697440.0,9201225.224272,76.03,400.0,0.655912,-1.030143,-10.301427,30.910051,11
9,2022,2022-01-01,21.240173,31.541599,21.240173,0.631651,697430.0,9201222.738542,76.03,400.0,0.655912,-1.030143,-10.301427,30.910051,11
9,2023,2023-01-01,21.240173,21.240173,31.541599,21.240173,697430.0,9201222.738542,76.03,400.0,0.655912,-1.030143,-10.301427,30.910051,11
9,2024,2024-01-01,21.240173,21.240173,21.240173,31.541599,697430.0,9201222.738542,76.03,400.0,0.655912,-1.030143,-10.301427,30.910051,11
9,2025,2025-01-01,21.240173,21.240173,21.240173,21.240173,697430.0,9201222.738542,76.03,400.0,0.655912,-1.030143,-10.301427,30.910051,11
10,2015,2015-01-01,1.241418,,,,697440.0,9201196.391248,76.11,450.0,0.748889,0.0,0.0,10.29724,11
10,2016,2016-01-01,1.241418,1.241418,,,697440.0,9201196.391248,76.11,450.0,0.748889,0.0,0.0,10.29724,11
10,2017,2017-01-01,1.241418,1.241418,1.241418,,697440.0,9201196.391248,76.11,450.0,0.748889,0.0,0.0,10.29724,11
10,2018,2018-01-01,1.241406,1.241418,1.241418,1.241418,697439.999989,9201196.391245,76.11,450.0,0.748889,0.0,0.0,10.29724,11
10,2019,2019-01-01,1.241509,1.241406,1.241418,1.241418,697440.000089,9201196.39127,76.11,450.0,0.748889,0.0,0.0,10.29724,11
10,2020,2020-01-01,11.538646,1.241509,1.241406,1.241418,697450.0,9201198.858409,76.11,450.0,0.748889,0.0,0.0,10.29724,11
10,2021,2021-01-01,11.538646,11.538646,1.241509,1.241406,697450.0,9201198.858409,76.11,450.0,0.748889,0.0,0.0,10.29724,11
10,2022,2022-01-01,1.241451,11.538646,11.538646,1.241509,697440.000032,9201196.391256,76.11,450.0,0.748889,0.0,0.0,10.29724,11
10,2023,2023-01-01,11.538646,1.241451,11.538646,11.538646,697450.0,9201198.858409,76.11,450.0,0.748889,0.0,0.0,10.29724,11
10,2024,2024-01-01,11.538646,11.538646,1.241451,11.538646,697450.0,9201198.858409,76.11,450.0,0.748889,0.0,0.0,10.29724,11
10,2025,2025-01-01,1.241418,11.538646,11.538646,1.241451,697440.0,9201196.391248,76.11,450.0,0.748889,0.0,0.0,10.29724,11
11,2015,2015-01-01,0.786403,,,,697440.0,9201146.340514,75.39,500.0,0.771312,0.0,0.0,14.5041,11
11,2016,2016-01-01,0.786403,0.786403,,,697440.0,9201146.340514,75.39,500.0,0.771312,0.0,0.0,14.5041,11
11,2017,2017-01-01,0.786403,0.786403,0.786403,,697440.0,9201146.340514,75.39,500.0,0.771312,0.0,0.0,14.5041,11
11,2018,2018-01-01,0.786348,0.786403,0.786403,0.786403,697439.999947,9201146.340501,75.39,500.0,0.771312,0.0,0.0,14.5041,11
11,2019,2019-01-01,0.786451,0.786348,0.786403,0.786403,697440.000047,9201146.340527,75.39,500.0,0.771312,0.0,0.0,14.5041,11
11,2020,2020-01-01,0.786403,0.786451,0.786348,0.786403,697440.0,9201146.340514,75.39,500.0,0.771312,0.0,0.0,14.5041,11
11,2021,2021-01-01,0.786403,0.786403,0.786451,0.786348,697440.0,9201146.340514,75.39,500.0,0.771312,0.0,0.0,14.5041,11
11,2022,2022-01-01,0.786403,0.786403,0.786403,0.786451,697440.0,9201146.340514,75.39,500.0,0.771312,0.0,0.0,14.5041,11
11,2023,2023-01-01,15.290448,0.786403,0.786403,0.786403,697454.062833,9201150.0,75.39,500.0,0.771312,0.0,0.0,14.5041,11
11,2024,2024-01-01,11.119438,15.290448,0.786403,0.786403,697450.0,9201148.942754,75.39,500.0,0.771312,0.0,0.0,14.5041,11
11,2025,2025-01-01,0.786403,11.119438,15.290448,0.786403,697440.0,9201146.340514,75.39,500.0,0.771312,0.0,0.0,14.5041,11
12,2015,2015-01-01,0.677196,,,,697440.0,9201096.296397,76.88,550.0,1.586781,2.053513,20.535131,30.799875,11
12,2016,2016-01-01,31.476949,0.677196,,,697469.999911,9201103.282517,76.88,550.0,1.586781,2.053513,20.535131,30.799875,11
12,2017,2017-01-01,31.476973,31.476949,0.677196,,697470.000011,9201103.28254,76.88,550.0,1.586781,2.053513,20.535131,30.799875,11
12,2018,2018-01-01,0.677098,31.476973,31.476949,0.677196,697439.999905,9201096.296375,76.88,550.0,1.586781,2.053513,20.535131,30.799875,11
12,2019,2019-01-01,0.677201,0.677098,31.476973,31.476949,697440.000005,9201096.296399,76.88,550.0,1.586781,2.053513,20.535131,30.799875,11
12,2020,2020-01-01,21.212425,0.677201,0.677098,31.476973,697460.000095,9201100.953846,76.88,550.0,1.586781,2.053513,20.535131,30.799875,11
12,2021,2021-01-01,31.476971,21.212425,0.677201,0.677098,697470.0,9201103.282537,76.88,550.0,1.586781,2.053513,20.535131,30.799875,11
12,2022,2022-01-01,21.212327,31.476971,21.212425,0.677201,697460.0,9201100.953824,76.88,550.0,1.586781,2.053513,20.535131,30.799875,11
12,2023,2023-01-01,31.476971,21.212327,31.476971,21.212425,697470.0,9201103.282537,76.88,550.0,1.586781,2.053513,20.535131,30.799875,11
12,2024,2024-01-01,31.476971,31.476971,21.212327,31.476971,697470.0,9201103.282537,76.88,550.0,1.586781,2.053513,20.535131,30.799875,11
12,2025,2025-01-01,21.212327,31.476971,31.476971,21.212327,697460.0,9201100.953824,76.88,550.0,1.586781,2.053513,20.535131,30.799875,11
13,2015,2015-01-01,6.215262,,,,697470.0,9201067.821521,76.85,600.0,0.3733,0.0,0.0,10.265761,11
13,2016,2016-01-01,6.215195,6.215262,,,697469.999935,9201067.821505,76.85,600.0,0.3733,0.0,0.0,10.265761,11
13,2017,2017-01-01,6.215297,6.215195,6.215262,,697470.000035,9201067.821529,76.85,600.0,0.3733,0.0,0.0,10.265761,11
13,2018,2018-01-01,6.215178,6.215297,6.215195,6.215262,697469.999918,9201067.821502,76.85,600.0,0.3733,0.0,0.0,10.265761,11
13,2019,2019-01-01,6.215281,6.215178,6.215297,6.215195,697470.000018,9201067.821525,76.85,600.0,0.3733,0.0,0.0,10.265761,11
13,2020,2020-01-01,6.215262,6.215281,6.215178,6.215297,697470.0,9201067.821521,76.85,600.0,0.3733,0.0,0.0,10.265761,11
13,2021,2021-01-01,6.215262,6.215262,6.215281,6.215178,697470.0,9201067.821521,76.85,600.0,0.3733,0.0,0.0,10.265761,11
13,2022,2022-01-01,6.215262,6.215262,6.215262,6.215281,697470.0,9201067.821521,76.85,600.0,0.3733,0.0,0.0,10.265761,11
13,2023,2023-01-01,6.215262,6.215262,6.215262,6.215262,697470.0,9201067.821521,76.85,600.0,0.3733,0.0,0.0,10.265761,11
13,2024,2024-01-01,16.480939,6.215262,6.215262,6.215262,697480.0,9201070.154157,76.85,600.0,0.3733,0.0,0.0,10.265761,11
13,2025,2025-01-01,6.215262,16.480939,6.215262,6.215262,697470.0,9201067.821521,76.85,600.0,0.3733,0.0,0.0,10.265761,11
14,2015,2015-01-01,0.672986,,,,697470.0,9201017.199466,76.14,650.0,1.92002,1.171118,11.711176,20.594876,11
14,2016,2016-01-01,0.672954,0.672986,,,697469.999969,9201017.199459,76.14,650.0,1.92002,1.171118,11.711176,20.594876,11
14,2017,2017-01-01,0.673057,0.672954,0.672986,,697470.000069,9201017.199483,76.14,650.0,1.92002,1.171118,11.711176,20.594876,11
14,2018,2018-01-01,0.672946,0.673057,0.672954,0.672986,697469.999961,9201017.199457,76.14,650.0,1.92002,1.171118,11.711176,20.594876,11
14,2019,2019-01-01,0.673049,0.672946,0.673057,0.672954,697470.000061,9201017.199481,76.14,650.0,1.92002,1.171118,11.711176,20.594876,11
14,2020,2020-01-01,12.384162,0.673049,0.672946,0.673057,697481.371372,9201020.0001,76.14,650.0,1.92002,1.171118,11.711176,20.594876,11
14,2021,2021-01-01,21.267822,12.384162,0.673049,0.672946,697490.0,9201022.125228,76.14,650.0,1.92002,1.171118,11.711176,20.594876,11
14,2022,2022-01-01,12.384162,21.267822,12.384162,0.673049,697481.371372,9201020.0001,76.14,650.0,1.92002,1.171118,11.711176,20.594876,11
14,2023,2023-01-01,21.267822,12.384162,21.267822,12.384162,697490.0,9201022.125228,76.14,650.0,1.92002,1.171118,11.711176,20.594876,11
14,2024,2024-01-01,12.384162,21.267822,12.384162,21.267822,697481.371372,9201020.0001,76.14,650.0,1.92002,1.171118,11.711176,20.594876,11
14,2025,2025-01-01,12.384162,12.384162,21.267822,12.384162,697481.371372,9201020.0001,76.14,650.0,1.92002,1.171118,11.711176,20.594876,11
15,2015,2015-01-01,4.110167,,,,697475.508275,9200970.000018,77.01,700.0,3.426914,2.513056,25.130557,25.131002,11
15,2016,2016-01-01,4.109721,4.110167,,,697475.507841,9200969.999918,77.01,700.0,3.426914,2.513056,25.130557,25.131002,11
15,2017,2017-01-01,4.110167,4.109721,4.110167,,697475.508275,9200970.000018,77.01,700.0,3.426914,2.513056,25.130557,25.131002,11
15,2018,2018-01-01,4.110167,4.110167,4.109721,4.110167,697475.508275,9200970.000018,77.01,700.0,3.426914,2.513056,25.130557,25.131002,11
15,2019,2019-01-01,4.109721,4.110167,4.110167,4.109721,697475.507841,9200969.999918,77.01,700.0,3.426914,2.513056,25.130557,25.131002,11
15,2020,2020-01-01,29.240724,4.109721,4.110167,4.110167,697500.0,9200975.643362,77.01,700.0,3.426914,2.513056,25.130557,25.131002,11
15,2021,2021-01-01,29.240724,29.240724,4.109721,4.110167,697500.0,9200975.643362,77.01,700.0,3.426914,2.513056,25.130557,25.131002,11
15,2022,2022-01-01,29.240724,29.240724,29.240724,4.109721,697500.0,9200975.643362,77.01,700.0,3.426914,2.513056,25.130557,25.131002,11
15,2023,2023-01-01,29.240724,29.240724,29.240724,29.240724,697500.0,9200975.643362,77.01,700.0,3.426914,2.513056,25.130557,25.131002,11
15,2024,2024-01-01,29.240724,29.240724,29.240724,29.240724,697500.0,9200975.643362,77.01,700.0,3.426914,2.513056,25.130557,25.131002,11
15,2025,2025-01-01,29.240724,29.240724,29.240724,29.240724,697500.0,9200975.643362,77.01,700.0,3.426914,2.513056,25.130557,25.131002,11
16,2015,2015-01-01,5.386623,,,,697500.0,9200937.561365,70.53,750.0,1.675661,1.060518,10.605179,21.207822,11
16,2016,2016-01-01,5.386574,5.386623,,,697499.999954,9200937.561349,70.53,750.0,1.675661,1.060518,10.605179,21.207822,11
16,2017,2017-01-01,5.38668,5.386574,5.386623,,697500.000054,9200937.561384,70.53,750.0,1.675661,1.060518,10.605179,21.207822,11
16,2018,2018-01-01,5.386574,5.38668,5.386574,5.386623,697499.999954,9200937.561349,70.53,750.0,1.675661,1.060518,10.605179,21.207822,11
16,2019,2019-01-01,5.38668,5.386574,5.38668,5.386574,697500.000054,9200937.561384,70.53,750.0,1.675661,1.060518,10.605179,21.207822,11
16,2020,2020-01-01,15.991801,5.38668,5.386574,5.38668,697510.0,9200941.092628,70.53,750.0,1.675661,1.060518,10.605179,21.207822,11
16,2021,2021-01-01,15.991801,15.991801,5.38668,5.386574,697510.0,9200941.092628,70.53,750.0,1.675661,1.060518,10.605179,21.207822,11
16,2022,2022-01-01,12.710393,15.991801,15.991801,5.38668,697506.905843,9200940.0,70.53,750.0,1.675661,1.060518,10.605179,21.207822,11
16,2023,2023-01-01,26.594396,12.710393,15.991801,15.991801,697520.0,9200944.623892,70.53,750.0,1.675661,1.060518,10.605179,21.207822,11
16,2024,2024-01-01,15.991801,26.594396,12.710393,15.991801,697510.0,9200941.092628,70.53,750.0,1.675661,1.060518,10.605179,21.207822,11
16,2025,2025-01-01,15.991801,15.991801,26.594396,12.710393,697510.0,9200941.092628,70.53,750.0,1.675661,1.060518,10.605179,21.207822,11
17,2015,2015-01-01,28.499218,,,,697530.0,9200908.532776,57.68,800.0,-1.290436,-1.1829,-11.828996,11.828996,11
17,2016,2016-01-01,28.499215,28.499218,,,697529.999995,9200908.532773,57.68,800.0,-1.290436,-1.1829,-11.828996,11.828996,11
17,2017,2017-01-01,28.499218,28.499215,28.499218,,697530.0,9200908.532776,57.68,800.0,-1.290436,-1.1829,-11.828996,11.828996,11
17,2018,2018-01-01,28.499215,28.499218,28.499215,28.499218,697529.999995,9200908.532773,57.68,800.0,-1.290436,-1.1829,-11.828996,11.828996,11
17,2019,2019-01-01,28.499218,28.499215,28.499218,28.499215,697530.0,9200908.532776,57.68,800.0,-1.290436,-1.1829,-11.828996,11.828996,11
17,2020,2020-01-01,16.670222,28.499218,28.499215,28.499218,697520.0,9200902.210357,57.68,800.0,-1.290436,-1.1829,-11.828996,11.828996,11
17,2021,2021-01-01,16.670222,16.670222,28.499218,28.499215,697520.0,9200902.210357,57.68,800.0,-1.290436,-1.1829,-11.828996,11.828996,11
17,2022,2022-01-01,16.670222,16.670222,16.670222,28.499218,697520.0,9200902.210357,57.68,800.0,-1.290436,-1.1829,-11.828996,11.828996,11
17,2023,2023-01-01,28.499218,16.670222,16.670222,16.670222,697530.0,9200908.532776,57.68,800.0,-1.290436,-1.1829,-11.828996,11.828996,11
17,2024,2024-01-01,16.670222,28.499218,16.670222,16.670222,697520.0,9200902.210357,57.68,800.0,-1.290436,-1.1829,-11.828996,11.828996,11
17,2025,2025-01-01,16.670222,16.670222,28.499218,16.670222,697520.0,9200902.210357,57.68,800.0,-1.290436,-1.1829,-11.828996,11.828996,11
18,2015,2015-01-01,11.477968,,,,697537.92339,9200880.0001,30.26,850.0,1.171553,0.411872,4.118719,11.573221,11
18,2016,2016-01-01,11.477852,11.477968,,,697537.923332,9200880.0,30.26,850.0,1.171553,0.411872,4.118719,11.573221,11
18,2017,2017-01-01,11.477968,11.477852,11.477968,,697537.92339,9200880.0001,30.26,850.0,1.171553,0.411872,4.118719,11.573221,11
18,2018,2018-01-01,11.477958,11.477968,11.477852,11.477968,697537.923385,9200880.000091,30.26,850.0,1.171553,0.411872,4.118719,11.573221,11
18,2019,2019-01-01,11.477852,11.477958,11.477968,11.477852,697537.923332,9200880.0,30.26,850.0,1.171553,0.411872,4.118719,11.573221,11
18,2020,2020-01-01,15.596687,11.477852,11.477958,11.477968,697540.0,9200883.557001,30.26,850.0,1.171553,0.411872,4.118719,11.573221,11
18,2021,2021-01-01,15.596687,15.596687,11.477852,11.477958,697540.0,9200883.557001,30.26,850.0,1.171553,0.411872,4.118719,11.573221,11
18,2022,2022-01-01,23.051074,15.596687,15.596687,11.477852,697543.761588,9200890.0,30.26,850.0,1.171553,0.411872,4.118719,11.573221,11
18,2023,2023-01-01,23.051074,23.051074,15.596687,15.596687,697543.761588,9200890.0,30.26,850.0,1.171553,0.411872,4.118719,11.573221,11
18,2024,2024-01-01,23.051074,23.051074,23.051074,15.596687,697543.761588,9200890.0,30.26,850.0,1.171553,0.411872,4.118719,11.573221,11
18,2025,2025-01-01,15.596687,23.051074,23.051074,23.051074,697540.0,9200883.557001,30.26,850.0,1.171553,0.411872,4.118719,11.573221,11
19,2015,2015-01-01,15.74301,,,,697571.520297,9200880.0001,15.22,900.0,-0.052522,2e-06,2.1e-05,5.777633,11
19,2016,2016-01-01,15.743036,15.74301,,,697571.52027,9200880.0,15.22,900.0,-0.052522,2e-06,2.1e-05,5.777633,11
19,2017,2017-01-01,15.74301,15.743036,15.74301,,697571.520297,9200880.0001,15.22,900.0,-0.052522,2e-06,2.1e-05,5.777633,11
19,2018,2018-01-01,15.743022,15.74301,15.743036,15.74301,697571.520284,9200880.000054,15.22,900.0,-0.052522,2e-06,2.1e-05,5.777633,11
19,2019,2019-01-01,15.743036,15.743022,15.74301,15.743036,697571.52027,9200880.0,15.22,900.0,-0.052522,2e-06,2.1e-05,5.777633,11
19,2020,2020-01-01,15.74303,15.743036,15.743022,15.74301,697571.520275,9200880.000021,15.22,900.0,-0.052522,2e-06,2.1e-05,5.777633,11
19,2021,2021-01-01,9.965403,15.74303,15.743036,15.743022,697570.0,9200874.421373,15.22,900.0,-0.052522,2e-06,2.1e-05,5.777633,11
19,2022,2022-01-01,15.743029,9.965403,15.74303,15.743036,697571.520277,9200880.000028,15.22,900.0,-0.052522,2e-06,2.1e-05,5.777633,11
19,2023,2023-01-01,15.743036,15.743029,9.965403,15.74303,697571.52027,9200880.0,15.22,900.0,-0.052522,2e-06,2.1e-05,5.777633,11
19,2024,2024-01-01,15.743029,15.743036,15.743029,9.965403,697571.520277,9200880.000028,15.22,900.0,-0.052522,2e-06,2.1e-05,5.777633,11
19,2025,2025-01-01,15.74303,15.743029,15.743036,15.743029,697571.520275,9200880.000021,15.22,900.0,-0.052522,2e-06,2.1e-05,5.777633,11
20,2015,2015-01-01,15.429637,,,,697620.0,9200865.272103,17.67,950.0,-0.603626,-0.553326,-5.533256,5.533282,11
20,2016,2016-01-01,15.429637,15.429637,,,697620.0,9200865.272103,17.67,950.0,-0.603626,-0.553326,-5.533256,5.533282,11
20,2017,2017-01-01,15.429637,15.429637,15.429637,,697620.0,9200865.272103,17.67,950.0,-0.603626,-0.553326,-5.533256,5.533282,11
20,2018,2018-01-01,15.429477,15.429637,15.429637,15.429637,697619.999949,9200865.271943,17.67,950.0,-0.603626,-0.553326,-5.533256,5.533282,11
20,2019,2019-01-01,15.429637,15.429477,15.429637,15.429637,697620.0,9200865.272103,17.67,950.0,-0.603626,-0.553326,-5.533256,5.533282,11
20,2020,2020-01-01,9.896362,15.429637,15.429477,15.429637,697618.318235,9200860.000028,17.67,950.0,-0.603626,-0.553326,-5.533256,5.533282,11
20,2021,2021-01-01,9.896381,9.896362,15.429637,15.429477,697618.31824,9200860.000046,17.67,950.0,-0.603626,-0.553326,-5.533256,5.533282,11
20,2022,2022-01-01,9.896381,9.896381,9.896362,15.429637,697618.31824,9200860.000046,17.67,950.0,-0.603626,-0.553326,-5.533256,5.533282,11
20,2023,2023-01-01,15.429637,9.896381,9.896381,9.896362,697620.0,9200865.272103,17.67,950.0,-0.603626,-0.553326,-5.533256,5.533282,11
20,2024,2024-01-01,9.896355,15.429637,9.896381,9.896381,697618.318232,9200860.000021,17.67,950.0,-0.603626,-0.553326,-5.533256,5.533282,11
20,2025,2025-01-01,9.896381,9.896355,15.429637,9.896381,697618.31824,9200860.000046,17.67,950.0,-0.603626,-0.553326,-5.533256,5.533282,11
21,2015,2015-01-01,16.847031,,,,697669.129853,9200850.000082,22.9,1000.0,-0.493286,-1.085229,-10.852289,10.85234,11
21,2016,2016-01-01,16.847082,16.847031,,,697669.129799,9200849.999955,22.9,1000.0,-0.493286,-1.085229,-10.852289,10.85234,11
21,2017,2017-01-01,16.847031,16.847082,16.847031,,697669.129853,9200850.000082,22.9,1000.0,-0.493286,-1.085229,-10.852289,10.85234,11
21,2018,2018-01-01,16.847064,16.847031,16.847082,16.847031,697669.129818,9200850.0,22.9,1000.0,-0.493286,-1.085229,-10.852289,10.85234,11
21,2019,2019-01-01,16.847072,16.847064,16.847031,16.847082,697669.12981,9200849.999982,22.9,1000.0,-0.493286,-1.085229,-10.852289,10.85234,11
21,2020,2020-01-01,16.847063,16.847072,16.847064,16.847031,697669.129819,9200850.000003,22.9,1000.0,-0.493286,-1.085229,-10.852289,10.85234,11
21,2021,2021-01-01,16.847063,16.847063,16.847072,16.847064,697669.129819,9200850.000003,22.9,1000.0,-0.493286,-1.085229,-10.852289,10.85234,11
21,2022,2022-01-01,16.847063,16.847063,16.847063,16.847072,697669.129819,9200850.000003,22.9,1000.0,-0.493286,-1.085229,-10.852289,10.85234,11
21,2023,2023-01-01,16.84705,16.847063,16.847063,16.847063,697669.129833,9200850.000036,22.9,1000.0,-0.493286,-1.085229,-10.852289,10.85234,11
21,2024,2024-01-01,16.847063,16.84705,16.847063,16.847063,697669.12982,9200850.000004,22.9,1000.0,-0.493286,-1.085229,-10.852289,10.85234,11
21,2025,2025-01-01,5.994742,16.847063,16.84705,16.847063,697664.900711,9200840.0,22.9,1000.0,-0.493286,-1.085229,-10.852289,10.85234,11
22,2015,2015-01-01,7.02816,,,,697705.636159,9200820.000043,27.81,1050.0,0.478179,-2e-06,-1.6e-05,11.302552,11
22,2016,2016-01-01,16.374208,7.02816,,,697710.0,9200828.26476,27.81,1050.0,0.478179,-2e-06,-1.6e-05,11.302552,11
22,2017,2017-01-01,7.02816,16.374208,7.02816,,697705.636159,9200820.000043,27.81,1050.0,0.478179,-2e-06,-1.6e-05,11.302552,11
22,2018,2018-01-01,7.028112,7.02816,16.374208,7.02816,697705.636137,9200820.0,27.81,1050.0,0.478179,-2e-06,-1.6e-05,11.302552,11
22,2019,2019-01-01,7.028112,7.028112,7.02816,16.374208,697705.636137,9200820.0,27.81,1050.0,0.478179,-2e-06,-1.6e-05,11.302552,11
22,2020,2020-01-01,16.374208,7.028112,7.028112,7.02816,697710.0,9200828.26476,27.81,1050.0,0.478179,-2e-06,-1.6e-05,11.302552,11
22,2021,2021-01-01,7.028144,16.374208,7.028112,7.028112,697705.636152,9200820.000028,27.81,1050.0,0.478179,-2e-06,-1.6e-05,11.302552,11
22,2022,2022-01-01,16.374208,7.028144,16.374208,7.028112,697710.0,9200828.26476,27.81,1050.0,0.478179,-2e-06,-1.6e-05,11.302552,11
22,2023,2023-01-01,18.330665,16.374208,7.028144,16.374208,697710.91625,9200830.000055,27.81,1050.0,0.478179,-2e-06,-1.6e-05,11.302552,11
22,2024,2024-01-01,16.374208,18.330665,16.374208,7.028144,697710.0,9200828.26476,27.81,1050.0,0.478179,-2e-06,-1.6e-05,11.302552,11
22,2025,2025-01-01,7.028144,16.374208,18.330665,16.374208,697705.636152,9200820.000028,27.81,1050.0,0.478179,-2e-06,-1.6e-05,11.302552,11
23,2015,2015-01-01,0.953916,,,,697743.731331,9200790.000012,33.12,1100.0,1.606328,1.146312,11.463122,11.938072,11
23,2016,2016-01-01,0.953901,0.953916,,,697743.731322,9200790.0,33.12,1100.0,1.606328,1.146312,11.463122,11.938072,11
23,2017,2017-01-01,0.953916,0.953901,0.953916,,697743.731331,9200790.000012,33.12,1100.0,1.606328,1.146312,11.463122,11.938072,11
23,2018,2018-01-01,0.953916,0.953916,0.953901,0.953916,697743.731331,9200790.000012,33.12,1100.0,1.606328,1.146312,11.463122,11.938072,11
23,2019,2019-01-01,0.953901,0.953916,0.953916,0.953901,697743.731322,9200790.0,33.12,1100.0,1.606328,1.146312,11.463122,11.938072,11
23,2020,2020-01-01,12.891973,0.953901,0.953916,0.953916,697750.263057,9200800.0,33.12,1100.0,1.606328,1.146312,11.463122,11.938072,11
23,2021,2021-01-01,12.891973,12.891973,0.953901,0.953916,697750.263057,9200800.0,33.12,1100.0,1.606328,1.146312,11.463122,11.938072,11
23,2022,2022-01-01,12.891973,12.891973,12.891973,0.953901,697750.263057,9200800.0,33.12,1100.0,1.606328,1.146312,11.463122,11.938072,11
23,2023,2023-01-01,12.891911,12.891973,12.891973,12.891973,697750.263121,9200800.000097,33.12,1100.0,1.606328,1.146312,11.463122,11.938072,11
23,2024,2024-01-01,12.891973,12.891911,12.891973,12.891973,697750.263057,9200800.0,33.12,1100.0,1.606328,1.146312,11.463122,11.938072,11
23,2025,2025-01-01,12.417037,12.891973,12.891911,12.891973,697750.0,9200799.597262,33.12,1100.0,1.606328,1.146312,11.463122,11.938072,11
24,2015,2015-01-01,1.088178,,,,697775.045702,9200760.000083,53.33,1150.0,2.353048,1.675332,16.753317,18.637237,11
24,2016,2016-01-01,1.08801,1.088178,,,697775.045568,9200759.999983,53.33,1150.0,2.353048,1.675332,16.753317,18.637237,11
24,2017,2017-01-01,1.088178,1.08801,1.088178,,697775.045702,9200760.000083,53.33,1150.0,2.353048,1.675332,16.753317,18.637237,11
24,2018,2018-01-01,1.088178,1.088178,1.08801,1.088178,697775.045702,9200760.000083,53.33,1150.0,2.353048,1.675332,16.753317,18.637237,11
24,2019,2019-01-01,1.088038,1.088178,1.088178,1.08801,697775.04559,9200760.0,53.33,1150.0,2.353048,1.675332,16.753317,18.637237,11
24,2020,2020-01-01,19.725248,1.088038,1.088178,1.088178,697790.0,9200771.125561,53.33,1150.0,2.353048,1.675332,16.753317,18.637237,11
24,2021,2021-01-01,19.725248,19.725248,1.088038,1.088178,697790.0,9200771.125561,53.33,1150.0,2.353048,1.675332,16.753317,18.637237,11
24,2022,2022-01-01,17.841352,19.725248,19.725248,1.088038,697788.487079,9200770.0,53.33,1150.0,2.353048,1.675332,16.753317,18.637237,11
24,2023,2023-01-01,19.725248,17.841352,19.725248,19.725248,697790.0,9200771.125561,53.33,1150.0,2.353048,1.675332,16.753317,18.637237,11
24,2024,2024-01-01,17.841494,19.725248,17.841352,19.725248,697788.487193,9200770.000085,53.33,1150.0,2.353048,1.675332,16.753317,18.637237,11
24,2025,2025-01-01,17.841494,17.841494,19.725248,17.841352,697788.487193,9200770.000085,53.33,1150.0,2.353048,1.675332,16.753317,18.637237,11
25,2015,2015-01-01,0.904913,,,,697800.0,9200723.879112,60.72,1200.0,1.601183,1.146148,11.461477,12.51353,11
25,2016,2016-01-01,0.904913,0.904913,,,697800.0,9200723.879112,60.72,1200.0,1.601183,1.146148,11.461477,12.51353,11
25,2017,2017-01-01,0.904959,0.904913,0.904913,,697800.00004,9200723.879134,60.72,1200.0,1.601183,1.146148,11.461477,12.51353,11
25,2018,2018-01-01,0.904913,0.904959,0.904913,0.904913,697800.0,9200723.879112,60.72,1200.0,1.601183,1.146148,11.461477,12.51353,11
25,2019,2019-01-01,0.904959,0.904913,0.904959,0.904913,697800.00004,9200723.879134,60.72,1200.0,1.601183,1.146148,11.461477,12.51353,11
25,2020,2020-01-01,12.366468,0.904959,0.904913,0.904959,697810.000068,9200729.479647,60.72,1200.0,1.601183,1.146148,11.461477,12.51353,11
25,2021,2021-01-01,13.418443,12.366468,0.904959,0.904913,697810.92935,9200730.000091,60.72,1200.0,1.601183,1.146148,11.461477,12.51353,11
25,2022,2022-01-01,12.36639,13.418443,12.366468,0.904959,697810.0,9200729.479609,60.72,1200.0,1.601183,1.146148,11.461477,12.51353,11
25,2023,2023-01-01,13.418443,12.36639,13.418443,12.366468,697810.92935,9200730.000091,60.72,1200.0,1.601183,1.146148,11.461477,12.51353,11
25,2024,2024-01-01,12.36639,13.418443,12.36639,13.418443,697810.0,9200729.479609,60.72,1200.0,1.601183,1.146148,11.461477,12.51353,11
25,2025,2025-01-01,12.36639,12.36639,13.418443,12.36639,697810.0,9200729.479609,60.72,1200.0,1.601183,1.146148,11.461477,12.51353,11
26,2015,2015-01-01,12.436996,,,,697830.0,9200691.27449,74.12,1250.0,-0.212017,-0.466441,-4.664408,4.66441,11
26,2016,2016-01-01,12.436971,12.436996,,,697829.999915,9200691.274465,74.12,1250.0,-0.212017,-0.466441,-4.664408,4.66441,11
26,2017,2017-01-01,12.436996,12.436971,12.436996,,697830.0,9200691.27449,74.12,1250.0,-0.212017,-0.466441,-4.664408,4.66441,11
26,2018,2018-01-01,12.436971,12.436996,12.436971,12.436996,697829.999915,9200691.274465,74.12,1250.0,-0.212017,-0.466441,-4.664408,4.66441,11
26,2019,2019-01-01,12.436996,12.436971,12.436996,12.436971,697830.0,9200691.27449,74.12,1250.0,-0.212017,-0.466441,-4.664408,4.66441,11
26,2020,2020-01-01,12.436996,12.436996,12.436971,12.436996,697830.0,9200691.27449,74.12,1250.0,-0.212017,-0.466441,-4.664408,4.66441,11
26,2021,2021-01-01,12.436996,12.436996,12.436996,12.436971,697830.0,9200691.27449,74.12,1250.0,-0.212017,-0.466441,-4.664408,4.66441,11
26,2022,2022-01-01,12.436996,12.436996,12.436996,12.436996,697830.0,9200691.27449,74.12,1250.0,-0.212017,-0.466441,-4.664408,4.66441,11
26,2023,2023-01-01,12.436998,12.436996,12.436996,12.436996,697830.000006,9200691.274491,74.12,1250.0,-0.212017,-0.466441,-4.664408,4.66441,11
26,2024,2024-01-01,12.436996,12.436998,12.436996,12.436996,697830.0,9200691.27449,74.12,1250.0,-0.212017,-0.466441,-4.664408,4.66441,11
26,2025,2025-01-01,7.772588,12.436996,12.436998,12.436996,697825.510431,9200690.0,74.12,1250.0,-0.212017,-0.466441,-4.664408,4.66441,11
27,2015,2015-01-01,0.799282,,,,697830.0,9200640.541703,61.98,1300.0,2.837952,2.014298,20.142981,22.650469,11
27,2016,2016-01-01,0.799281,0.799282,,,697829.999999,9200640.541702,61.98,1300.0,2.837952,2.014298,20.142981,22.650469,11
27,2017,2017-01-01,0.799282,0.799281,0.799282,,697830.0,9200640.541703,61.98,1300.0,2.837952,2.014298,20.142981,22.650469,11
27,2018,2018-01-01,0.799281,0.799282,0.799281,0.799282,697829.999999,9200640.541702,61.98,1300.0,2.837952,2.014298,20.142981,22.650469,11
27,2019,2019-01-01,0.799282,0.799281,0.799282,0.799281,697830.0,9200640.541703,61.98,1300.0,2.837952,2.014298,20.142981,22.650469,11
27,2020,2020-01-01,20.942263,0.799282,0.799281,0.799282,697847.784221,9200650.0001,61.98,1300.0,2.837952,2.014298,20.142981,22.650469,11
27,2021,2021-01-01,23.44975,20.942263,0.799282,0.799281,697850.0,9200651.178545,61.98,1300.0,2.837952,2.014298,20.142981,22.650469,11
27,2022,2022-01-01,20.942263,23.44975,20.942263,0.799282,697847.784221,9200650.0001,61.98,1300.0,2.837952,2.014298,20.142981,22.650469,11
27,2023,2023-01-01,23.44975,20.942263,23.44975,20.942263,697850.0,9200651.178545,61.98,1300.0,2.837952,2.014298,20.142981,22.650469,11
27,2024,2024-01-01,20.942263,23.44975,20.942263,23.44975,697847.784221,9200650.0001,61.98,1300.0,2.837952,2.014298,20.142981,22.650469,11
27,2025,2025-01-01,20.942263,20.942263,23.44975,20.942263,697847.784221,9200650.0001,61.98,1300.0,2.837952,2.014298,20.142981,22.650469,11
28,2015,2015-01-01,12.136974,,,,697860.0,9200613.248388,70.03,1350.0,0.346257,2e-06,2.5e-05,9.522097,11
28,2016,2016-01-01,12.136957,12.136974,,,697859.999955,9200613.248372,70.03,1350.0,0.346257,2e-06,2.5e-05,9.522097,11
28,2017,2017-01-01,2.614989,12.136957,12.136974,,697851.046765,9200610.0,70.03,1350.0,0.346257,2e-06,2.5e-05,9.522097,11
28,2018,2018-01-01,12.136935,2.614989,12.136957,12.136974,697859.9999,9200613.248352,70.03,1350.0,0.346257,2e-06,2.5e-05,9.522097,11
28,2019,2019-01-01,2.614902,12.136935,2.614989,12.136957,697851.046682,9200609.99997,70.03,1350.0,0.346257,2e-06,2.5e-05,9.522097,11
28,2020,2020-01-01,12.136974,2.614902,12.136935,2.614989,697860.0,9200613.248388,70.03,1350.0,0.346257,2e-06,2.5e-05,9.522097,11
28,2021,2021-01-01,12.136974,12.136974,2.614902,12.136935,697860.0,9200613.248388,70.03,1350.0,0.346257,2e-06,2.5e-05,9.522097,11
28,2022,2022-01-01,12.136974,12.136974,12.136974,2.614902,697860.0,9200613.248388,70.03,1350.0,0.346257,2e-06,2.5e-05,9.522097,11
28,2023,2023-01-01,12.136974,12.136974,12.136974,12.136974,697860.0,9200613.248388,70.03,1350.0,0.346257,2e-06,2.5e-05,9.522097,11
28,2024,2024-01-01,12.136974,12.136974,12.136974,12.136974,697860.0,9200613.248388,70.03,1350.0,0.346257,2e-06,2.5e-05,9.522097,11
28,2025,2025-01-01,12.136999,12.136974,12.136974,12.136974,697860.000066,9200613.248412,70.03,1350.0,0.346257,2e-06,2.5e-05,9.522097,11
29,2015,2015-01-01,0.631677,,,,697860.0,9200563.925162,60.59,1400.0,1.345211,2.295684,22.956841,32.729964,11
29,2016,2016-01-01,33.361641,0.631677,,,697888.526366,9200580.0,60.59,1400.0,1.345211,2.295684,22.956841,32.729964,11
29,2017,2017-01-01,0.631677,33.361641,0.631677,,697860.0,9200563.925162,60.59,1400.0,1.345211,2.295684,22.956841,32.729964,11
29,2018,2018-01-01,33.361473,0.631677,33.361641,0.631677,697888.526535,9200580.000095,60.59,1400.0,1.345211,2.295684,22.956841,32.729964,11
29,2019,2019-01-01,0.631677,33.361473,0.631677,33.361641,697860.0,9200563.925162,60.59,1400.0,1.345211,2.295684,22.956841,32.729964,11
29,2020,2020-01-01,23.588517,0.631677,33.361473,0.631677,697880.0,9200575.195324,60.59,1400.0,1.345211,2.295684,22.956841,32.729964,11
29,2021,2021-01-01,23.588517,23.588517,0.631677,33.361473,697880.0,9200575.195324,60.59,1400.0,1.345211,2.295684,22.956841,32.729964,11
29,2022,2022-01-01,23.588517,23.588517,23.588517,0.631677,697880.0,9200575.195324,60.59,1400.0,1.345211,2.295684,22.956841,32.729964,11
29,2023,2023-01-01,23.588517,23.588517,23.588517,23.588517,697880.0,9200575.195324,60.59,1400.0,1.345211,2.295684,22.956841,32.729964,11
29,2024,2024-01-01,23.588517,23.588517,23.588517,23.588517,697880.0,9200575.195324,60.59,1400.0,1.345211,2.295684,22.956841,32.729964,11
29,2025,2025-01-01,23.588517,23.588517,23.588517,23.588517,697880.0,9200575.195324,60.59,1400.0,1.345211,2.295684,22.956841,32.729964,11
30,2015,2015-01-01,6.591381,,,,697890.0,9200535.456745,66.87,1450.0,0.592899,0.0,0.0,10.869856,11
30,2016,2016-01-01,6.591328,6.591381,,,697889.999951,9200535.456724,66.87,1450.0,0.592899,0.0,0.0,10.869856,11
30,2017,2017-01-01,6.591381,6.591328,6.591381,,697890.0,9200535.456745,66.87,1450.0,0.592899,0.0,0.0,10.869856,11
30,2018,2018-01-01,6.591273,6.591381,6.591328,6.591381,697889.9999,9200535.456702,66.87,1450.0,0.592899,0.0,0.0,10.869856,11
30,2019,2019-01-01,6.591381,6.591273,6.591381,6.591328,697890.0,9200535.456745,66.87,1450.0,0.592899,0.0,0.0,10.869856,11
30,2020,2020-01-01,17.461128,6.591381,6.591273,6.591381,697900.0,9200539.72314,66.87,1450.0,0.592899,0.0,0.0,10.869856,11
30,2021,2021-01-01,17.461128,17.461128,6.591381,6.591273,697900.0,9200539.72314,66.87,1450.0,0.592899,0.0,0.0,10.869856,11
30,2022,2022-01-01,17.461128,17.461128,17.461128,6.591381,697900.0,9200539.72314,66.87,1450.0,0.592899,0.0,0.0,10.869856,11
30,2023,2023-01-01,17.461128,17.461128,17.461128,17.461128,697900.0,9200539.72314,66.87,1450.0,0.592899,0.0,0.0,10.869856,11
30,2024,2024-01-01,6.591381,17.461128,17.461128,17.461128,697890.0,9200535.456745,66.87,1450.0,0.592899,0.0,0.0,10.869856,11
30,2025,2025-01-01,6.591381,6.591381,17.461128,17.461128,697890.0,9200535.456745,66.87,1450.0,0.592899,0.0,0.0,10.869856,11
31,2015,2015-01-01,1.762007,,,,697896.299587,9200490.0,66.09,1500.0,2.307621,1.498415,14.984149,24.675936,11
31,2016,2016-01-01,1.76176,1.762007,,,697896.299361,9200489.9999,66.09,1500.0,2.307621,1.498415,14.984149,24.675936,11
31,2017,2017-01-01,1.762007,1.76176,1.762007,,697896.299587,9200490.0,66.09,1500.0,2.307621,1.498415,14.984149,24.675936,11
31,2018,2018-01-01,1.762007,1.762007,1.76176,1.762007,697896.299587,9200490.0,66.09,1500.0,2.307621,1.498415,14.984149,24.675936,11
31,2019,2019-01-01,1.76176,1.762007,1.762007,1.76176,697896.299361,9200489.9999,66.09,1500.0,2.307621,1.498415,14.984149,24.675936,11
31,2020,2020-01-01,16.746266,1.76176,1.762007,1.762007,697910.0001,9200496.068276,66.09,1500.0,2.307621,1.498415,14.984149,24.675936,11
31,2021,2021-01-01,16.74619,16.746266,1.76176,1.762007,697910.00003,9200496.068245,66.09,1500.0,2.307621,1.498415,14.984149,24.675936,11
31,2022,2022-01-01,16.74619,16.74619,16.746266,1.76176,697910.00003,9200496.068245,66.09,1500.0,2.307621,1.498415,14.984149,24.675936,11
31,2023,2023-01-01,26.437696,16.74619,16.74619,16.746266,697918.877062,9200500.000089,66.09,1500.0,2.307621,1.498415,14.984149,24.675936,11
31,2024,2024-01-01,16.74619,26.437696,16.74619,16.74619,697910.00003,9200496.068245,66.09,1500.0,2.307621,1.498415,14.984149,24.675936,11
31,2025,2025-01-01,16.746156,16.74619,26.437696,16.74619,697910.0,9200496.068231,66.09,1500.0,2.307621,1.498415,14.984149,24.675936,11
32,2015,2015-01-01,1.80476,,,,697920.0,9200450.585766,65.29,1550.0,1.800986,1.100643,11.006432,22.010536,11
32,2016,2016-01-01,1.80476,1.80476,,,697920.0,9200450.585766,65.29,1550.0,1.800986,1.100643,11.006432,22.010536,11
32,2017,2017-01-01,1.804832,1.80476,1.80476,,697920.000066,9200450.585797,65.29,1550.0,1.800986,1.100643,11.006432,22.010536,11
32,2018,2018-01-01,1.80476,1.804832,1.80476,1.80476,697920.0,9200450.585766,65.29,1550.0,1.800986,1.100643,11.006432,22.010536,11
32,2019,2019-01-01,1.804832,1.80476,1.804832,1.80476,697920.000066,9200450.585797,65.29,1550.0,1.800986,1.100643,11.006432,22.010536,11
32,2020,2020-01-01,12.811192,1.804832,1.80476,1.804832,697930.0,9200455.183761,65.29,1550.0,1.800986,1.100643,11.006432,22.010536,11
32,2021,2021-01-01,12.811192,12.811192,1.804832,1.80476,697930.0,9200455.183761,65.29,1550.0,1.800986,1.100643,11.006432,22.010536,11
32,2022,2022-01-01,12.811192,12.811192,12.811192,1.804832,697930.0,9200455.183761,65.29,1550.0,1.800986,1.100643,11.006432,22.010536,11
32,2023,2023-01-01,23.815296,12.811192,12.811192,12.811192,697940.0,9200459.781756,65.29,1550.0,1.800986,1.100643,11.006432,22.010536,11
32,2024,2024-01-01,12.811192,23.815296,12.811192,12.811192,697930.0,9200455.183761,65.29,1550.0,1.800986,1.100643,11.006432,22.010536,11
32,2025,2025-01-01,12.811192,12.811192,23.815296,12.811192,697930.0,9200455.183761,65.29,1550.0,1.800986,1.100643,11.006432,22.010536,11
33,2015,2015-01-01,17.842664,,,,697950.0,9200419.222789,56.25,1600.0,0.037856,0.0,0.0,1.388033,11
33,2016,2016-01-01,17.842642,17.842664,,,697949.999982,9200419.222777,56.25,1600.0,0.037856,0.0,0.0,1.388033,11
33,2017,2017-01-01,17.842664,17.842642,17.842664,,697950.0,9200419.222789,56.25,1600.0,0.037856,0.0,0.0,1.388033,11
33,2018,2018-01-01,17.842664,17.842664,17.842642,17.842664,697950.0,9200419.222789,56.25,1600.0,0.037856,0.0,0.0,1.388033,11
33,2019,2019-01-01,17.842664,17.842664,17.842664,17.842642,697950.0,9200419.222789,56.25,1600.0,0.037856,0.0,0.0,1.388033,11
33,2020,2020-01-01,17.842664,17.842664,17.842664,17.842664,697950.0,9200419.222789,56.25,1600.0,0.037856,0.0,0.0,1.388033,11
33,2021,2021-01-01,17.842664,17.842664,17.842664,17.842664,697950.0,9200419.222789,56.25,1600.0,0.037856,0.0,0.0,1.388033,11
33,2022,2022-01-01,17.842664,17.842664,17.842664,17.842664,697950.0,9200419.222789,56.25,1600.0,0.037856,0.0,0.0,1.388033,11
33,2023,2023-01-01,19.230675,17.842664,17.842664,17.842664,697951.164184,9200420.0,56.25,1600.0,0.037856,0.0,0.0,1.388033,11
33,2024,2024-01-01,17.842664,19.230675,17.842664,17.842664,697950.0,9200419.222789,56.25,1600.0,0.037856,0.0,0.0,1.388033,11
33,2025,2025-01-01,17.842664,17.842664,19.230675,17.842664,697950.0,9200419.222789,56.25,1600.0,0.037856,0.0,0.0,1.388033,11
34,2015,2015-01-01,1.784237,,,,697956.104795,9200370.000093,29.72,1650.0,0.942414,1.151617,11.516169,34.542107,11
34,2016,2016-01-01,1.784122,1.784237,,,697956.104738,9200369.999993,29.72,1650.0,0.942414,1.151617,11.516169,34.542107,11
34,2017,2017-01-01,1.784239,1.784122,1.784237,,697956.104796,9200370.000095,29.72,1650.0,0.942414,1.151617,11.516169,34.542107,11
34,2018,2018-01-01,36.326217,1.784239,1.784122,1.784237,697973.239477,9200400.000019,29.72,1650.0,0.942414,1.151617,11.516169,34.542107,11
34,2019,2019-01-01,36.326228,36.326217,1.784239,1.784122,697973.239466,9200400.0,29.72,1650.0,0.942414,1.151617,11.516169,34.542107,11
34,2020,2020-01-01,13.300404,36.326228,36.326217,1.784239,697961.81637,9200380.000094,29.72,1650.0,0.942414,1.151617,11.516169,34.542107,11
34,2021,2021-01-01,13.300411,13.300404,36.326228,36.326217,697961.816374,9200380.0001,29.72,1650.0,0.942414,1.151617,11.516169,34.542107,11
34,2022,2022-01-01,13.300406,13.300411,13.300404,36.326228,697961.816371,9200380.000095,29.72,1650.0,0.942414,1.151617,11.516169,34.542107,11
34,2023,2023-01-01,24.816563,13.300406,13.300411,13.300404,697967.527941,9200390.000087,29.72,1650.0,0.942414,1.151617,11.516169,34.542107,11
34,2024,2024-01-01,13.300404,24.816563,13.300406,13.300411,697961.81637,9200380.000094,29.72,1650.0,0.942414,1.151617,11.516169,34.542107,11
34,2025,2025-01-01,13.300406,13.300404,24.816563,13.300406,697961.816371,9200380.000095,29.72,1650.0,0.942414,1.151617,11.516169,34.542107,11
35,2015,2015-01-01,1.306445,,,,698003.933569,9200370.00004,25.13,1700.0,2.108991,2.209249,22.092493,33.133068,11
35,2016,2016-01-01,1.306335,1.306445,,,698003.933522,9200369.99994,25.13,1700.0,2.108991,2.209249,22.092493,33.133068,11
35,2017,2017-01-01,1.306462,1.306335,1.306445,,698003.933576,9200370.000055,25.13,1700.0,2.108991,2.209249,22.092493,33.133068,11
35,2018,2018-01-01,34.439376,1.306462,1.306335,1.306445,698018.011162,9200400.000057,25.13,1700.0,2.108991,2.209249,22.092493,33.133068,11
35,2019,2019-01-01,34.439403,34.439376,1.306462,1.306335,698018.011135,9200400.0,25.13,1700.0,2.108991,2.209249,22.092493,33.133068,11
35,2020,2020-01-01,23.398917,34.439403,34.439376,1.306462,698013.318607,9200390.0,25.13,1700.0,2.108991,2.209249,22.092493,33.133068,11
35,2021,2021-01-01,23.398917,23.398917,34.439403,34.439376,698013.318607,9200390.0,25.13,1700.0,2.108991,2.209249,22.092493,33.133068,11
35,2022,2022-01-01,23.398917,23.398917,23.398917,34.439403,698013.318607,9200390.0,25.13,1700.0,2.108991,2.209249,22.092493,33.133068,11
35,2023,2023-01-01,23.398929,23.398917,23.398917,23.398917,698013.318612,9200390.000011,25.13,1700.0,2.108991,2.209249,22.092493,33.133068,11
35,2024,2024-01-01,23.398982,23.398929,23.398917,23.398917,698013.318634,9200390.000058,25.13,1700.0,2.108991,2.209249,22.092493,33.133068,11
35,2025,2025-01-01,23.398938,23.398982,23.398929,23.398917,698013.318616,9200390.000019,25.13,1700.0,2.108991,2.209249,22.092493,33.133068,11
36,2015,2015-01-01,1.518364,,,,698040.0,9200356.030061,33.02,1750.0,4.61586,4.051742,40.517423,52.437983,11
36,2016,2016-01-01,1.518279,1.518364,,,698039.999953,9200356.02999,33.02,1750.0,4.61586,4.051742,40.517423,52.437983,11
36,2017,2017-01-01,18.180895,1.518279,1.518364,,698049.081864,9200370.000017,33.02,1750.0,4.61586,4.051742,40.517423,52.437983,11
36,2018,2018-01-01,53.956199,18.180895,1.518279,1.518364,698068.584909,9200400.000099,33.02,1750.0,4.61586,4.051742,40.517423,52.437983,11
36,2019,2019-01-01,53.956262,53.956199,18.180895,1.518279,698068.584844,9200400.0,33.02,1750.0,4.61586,4.051742,40.517423,52.437983,11
36,2020,2020-01-01,53.956262,53.956262,53.956199,18.180895,698068.584844,9200400.0,33.02,1750.0,4.61586,4.051742,40.517423,52.437983,11
36,2021,2021-01-01,42.035682,53.956262,53.956262,53.956199,698062.083847,9200390.0,33.02,1750.0,4.61586,4.051742,40.517423,52.437983,11
36,2022,2022-01-01,53.956244,42.035682,53.956262,53.956262,698068.584863,9200400.000029,33.02,1750.0,4.61586,4.051742,40.517423,52.437983,11
36,2023,2023-01-01,53.956262,53.956244,42.035682,53.956262,698068.584844,9200400.0,33.02,1750.0,4.61586,4.051742,40.517423,52.437983,11
36,2024,2024-01-01,53.95624,53.956262,53.956244,42.035682,698068.584868,9200400.000036,33.02,1750.0,4.61586,4.051742,40.517423,52.437983,11
36,2025,2025-01-01,42.035787,53.95624,53.956262,53.956244,698062.083905,9200390.000089,33.02,1750.0,4.61586,4.051742,40.517423,52.437983,11
37,2015,2015-01-01,1.197829,,,,698070.0,9200335.265158,69.59,1800.0,4.6101,4.225923,42.259233,42.259233,11
37,2016,2016-01-01,1.197829,1.197829,,,698070.0,9200335.265158,69.59,1800.0,4.6101,4.225923,42.259233,42.259233,11
37,2017,2017-01-01,1.197829,1.197829,1.197829,,698070.0,9200335.265158,69.59,1800.0,4.6101,4.225923,42.259233,42.259233,11
37,2018,2018-01-01,33.204366,1.197829,1.197829,1.197829,698099.999926,9200346.419658,69.59,1800.0,4.6101,4.225923,42.259233,42.259233,11
37,2019,2019-01-01,33.204445,33.204366,1.197829,1.197829,698100.0,9200346.419685,69.59,1800.0,4.6101,4.225923,42.259233,42.259233,11
37,2020,2020-01-01,33.204538,33.204445,33.204366,1.197829,698100.000087,9200346.419718,69.59,1800.0,4.6101,4.225923,42.259233,42.259233,11
37,2021,2021-01-01,33.204445,33.204538,33.204445,33.204366,698100.0,9200346.419685,69.59,1800.0,4.6101,4.225923,42.259233,42.259233,11
37,2022,2022-01-01,33.204445,33.204445,33.204538,33.204445,698100.0,9200346.419685,69.59,1800.0,4.6101,4.225923,42.259233,42.259233,11
37,2023,2023-01-01,43.457062,33.204445,33.204445,33.204538,698109.629483,9200350.000096,69.59,1800.0,4.6101,4.225923,42.259233,42.259233,11
37,2024,2024-01-01,43.457062,43.457062,33.204445,33.204445,698109.629483,9200350.000096,69.59,1800.0,4.6101,4.225923,42.259233,42.259233,11
37,2025,2025-01-01,43.457062,43.457062,43.457062,33.204445,698109.629483,9200350.000096,69.59,1800.0,4.6101,4.225923,42.259233,42.259233,11
38,2015,2015-01-01,1.194811,,,,698070.0,9200285.397103,62.61,1850.0,5.451315,4.504696,45.046958,53.478902,11
38,2016,2016-01-01,1.194811,1.194811,,,698070.0,9200285.397103,62.61,1850.0,5.451315,4.504696,45.046958,53.478902,11
38,2017,2017-01-01,1.194811,1.194811,1.194811,,698070.0,9200285.397103,62.61,1850.0,5.451315,4.504696,45.046958,53.478902,11
38,2018,2018-01-01,34.979994,1.194811,1.194811,1.194811,698099.999977,9200300.93544,62.61,1850.0,5.451315,4.504696,45.046958,53.478902,11
38,2019,2019-01-01,34.98002,34.979994,1.194811,1.194811,698100.0,9200300.935452,62.61,1850.0,5.451315,4.504696,45.046958,53.478902,11
38,2020,2020-01-01,46.241773,34.98002,34.979994,1.194811,698110.000015,9200306.11491,62.61,1850.0,5.451315,4.504696,45.046958,53.478902,11
38,2021,2021-01-01,46.241773,46.241773,34.98002,34.979994,698110.000015,9200306.11491,62.61,1850.0,5.451315,4.504696,45.046958,53.478902,11
38,2022,2022-01-01,46.241773,46.241773,46.241773,34.98002,698110.000015,9200306.11491,62.61,1850.0,5.451315,4.504696,45.046958,53.478902,11
38,2023,2023-01-01,54.673713,46.241773,46.241773,46.241773,698117.50113,9200310.000075,62.61,1850.0,5.451315,4.504696,45.046958,53.478902,11
38,2024,2024-01-01,46.241769,54.673713,46.241773,46.241773,698110.000012,9200306.114909,62.61,1850.0,5.451315,4.504696,45.046958,53.478902,11
38,2025,2025-01-01,46.241769,46.241769,54.673713,46.241773,698110.000012,9200306.114909,62.61,1850.0,5.451315,4.504696,45.046958,53.478902,11
39,2015,2015-01-01,4.050139,,,,698087.072904,9200250.0001,75.83,1900.0,5.110914,4.427229,44.27229,54.583096,11
39,2016,2016-01-01,4.04973,4.050139,,,698087.072508,9200250.0,75.83,1900.0,5.110914,4.427229,44.27229,54.583096,11
39,2017,2017-01-01,4.050139,4.04973,4.050139,,698087.072904,9200250.0001,75.83,1900.0,5.110914,4.427229,44.27229,54.583096,11
39,2018,2018-01-01,48.322326,4.050139,4.04973,4.050139,698129.9999,9200260.830594,75.83,1900.0,5.110914,4.427229,44.27229,54.583096,11
39,2019,2019-01-01,48.32243,48.322326,4.050139,4.04973,698130.0,9200260.83062,75.83,1900.0,5.110914,4.427229,44.27229,54.583096,11
39,2020,2020-01-01,48.32243,48.32243,48.322326,4.050139,698130.0,9200260.83062,75.83,1900.0,5.110914,4.427229,44.27229,54.583096,11
39,2021,2021-01-01,48.32243,48.32243,48.32243,48.322326,698130.0,9200260.83062,75.83,1900.0,5.110914,4.427229,44.27229,54.583096,11
39,2022,2022-01-01,48.32243,48.32243,48.32243,48.32243,698130.0,9200260.83062,75.83,1900.0,5.110914,4.427229,44.27229,54.583096,11
39,2023,2023-01-01,58.632826,48.32243,48.32243,48.32243,698140.0,9200263.353623,75.83,1900.0,5.110914,4.427229,44.27229,54.583096,11
39,2024,2024-01-01,48.32243,58.632826,48.32243,48.32243,698130.0,9200260.83062,75.83,1900.0,5.110914,4.427229,44.27229,54.583096,11
39,2025,2025-01-01,48.32243,48.32243,58.632826,48.32243,698130.0,9200260.83062,75.83,1900.0,5.110914,4.427229,44.27229,54.583096,11
40,2015,2015-01-01,1.040473,,,,698100.0,9200215.507195,56.51,1950.0,5.994743,4.795852,47.958519,59.946103,11
40,2016,2016-01-01,1.040473,1.040473,,,698100.0,9200215.507195,56.51,1950.0,5.994743,4.795852,47.958519,59.946103,11
40,2017,2017-01-01,1.040473,1.040473,1.040473,,698100.0,9200215.507195,56.51,1950.0,5.994743,4.795852,47.958519,59.946103,11
40,2018,2018-01-01,37.009243,1.040473,1.040473,1.040473,698129.9999,9200235.350542,56.51,1950.0,5.994743,4.795852,47.958519,59.946103,11
40,2019,2019-01-01,37.009363,37.009243,1.040473,1.040473,698130.0,9200235.350608,56.51,1950.0,5.994743,4.795852,47.958519,59.946103,11
40,2020,2020-01-01,60.986576,37.009363,37.009243,1.040473,698150.000005,9200248.579553,56.51,1950.0,5.994743,4.795852,47.958519,59.946103,11
40,2021,2021-01-01,60.986576,60.986576,37.009363,37.009243,698150.000005,9200248.579553,56.51,1950.0,5.994743,4.795852,47.958519,59.946103,11
40,2022,2022-01-01,48.998993,60.986576,60.986576,37.009363,698140.0,9200241.965079,56.51,1950.0,5.994743,4.795852,47.958519,59.946103,11
40,2023,2023-01-01,60.986573,48.998993,60.986576,60.986576,698150.0,9200248.57955,56.51,1950.0,5.994743,4.795852,47.958519,59.946103,11
40,2024,2024-01-01,48.998993,60.986573,48.998993,60.986576,698140.0,9200241.965079,56.51,1950.0,5.994743,4.795852,47.958519,59.946103,11
40,2025,2025-01-01,48.998993,48.998993,60.986573,48.998993,698140.0,9200241.965079,56.51,1950.0,5.994743,4.795852,47.958519,59.946103,11
41,2015,2015-01-01,4.519577,,,,698127.336047,9200190.000009,74.81,2000.0,3.849416,3.384431,33.844312,38.170273,11
41,2016,2016-01-01,4.519195,4.519577,,,698127.335678,9200189.999909,74.81,2000.0,3.849416,3.384431,33.844312,38.170273,11
41,2017,2017-01-01,4.519577,4.519195,4.519577,,698127.336047,9200190.000009,74.81,2000.0,3.849416,3.384431,33.844312,38.170273,11
41,2018,2018-01-01,38.36381,4.519577,4.519195,4.519577,698159.999923,9200198.860222,74.81,2000.0,3.849416,3.384431,33.844312,38.170273,11
41,2019,2019-01-01,38.363889,38.36381,4.519577,4.519195,698160.0,9200198.860243,74.81,2000.0,3.849416,3.384431,33.844312,38.170273,11
41,2020,2020-01-01,42.689467,38.363889,38.36381,4.519577,698164.202018,9200200.000058,74.81,2000.0,3.849416,3.384431,33.844312,38.170273,11
41,2021,2021-01-01,42.689467,42.689467,38.363889,38.36381,698164.202018,9200200.000058,74.81,2000.0,3.849416,3.384431,33.844312,38.170273,11
41,2022,2022-01-01,38.363889,42.689467,42.689467,38.363889,698160.0,9200198.860243,74.81,2000.0,3.849416,3.384431,33.844312,38.170273,11
41,2023,2023-01-01,42.689467,38.363889,42.689467,42.689467,698164.202018,9200200.000058,74.81,2000.0,3.849416,3.384431,33.844312,38.170273,11
41,2024,2024-01-01,38.363889,42.689467,38.363889,42.689467,698160.0,9200198.860243,74.81,2000.0,3.849416,3.384431,33.844312,38.170273,11
41,2025,2025-01-01,38.363889,38.363889,42.689467,38.363889,698160.0,9200198.860243,74.81,2000.0,3.849416,3.384431,33.844312,38.170273,11
42,2015,2015-01-01,21.440285,,,,698160.0,9200151.994279,96.81,2050.0,2.166275,1.678059,16.780594,16.780619,11
42,2016,2016-01-01,21.440285,21.440285,,,698160.0,9200151.994279,96.81,2050.0,2.166275,1.678059,16.780594,16.780619,11
42,2017,2017-01-01,21.440359,21.440285,21.440285,,698160.000073,9200151.99427,96.81,2050.0,2.166275,1.678059,16.780594,16.780619,11
42,2018,2018-01-01,21.440261,21.440359,21.440285,21.440285,698159.999976,9200151.994281,96.81,2050.0,2.166275,1.678059,16.780594,16.780619,11
42,2019,2019-01-01,21.440285,21.440261,21.440359,21.440285,698160.0,9200151.994279,96.81,2050.0,2.166275,1.678059,16.780594,16.780619,11
42,2020,2020-01-01,38.220786,21.440285,21.440261,21.440359,698176.661811,9200150.0001,96.81,2050.0,2.166275,1.678059,16.780594,16.780619,11
42,2021,2021-01-01,38.220786,38.220786,21.440285,21.440261,698176.661811,9200150.0001,96.81,2050.0,2.166275,1.678059,16.780594,16.780619,11
42,2022,2022-01-01,31.511655,38.220786,38.220786,21.440285,698170.000002,9200150.797422,96.81,2050.0,2.166275,1.678059,16.780594,16.780619,11
42,2023,2023-01-01,38.220879,31.511655,38.220786,38.220786,698176.661904,9200150.000089,96.81,2050.0,2.166275,1.678059,16.780594,16.780619,11
42,2024,2024-01-01,38.220879,38.220879,31.511655,38.220786,698176.661904,9200150.000089,96.81,2050.0,2.166275,1.678059,16.780594,16.780619,11
42,2025,2025-01-01,38.220879,38.220879,38.220879,31.511655,698176.661904,9200150.000089,96.81,2050.0,2.166275,1.678059,16.780594,16.780619,11
43,2015,2015-01-01,77.921991,,,,698190.0,9200110.076943,102.5,2100.0,1.209974,1.023827,10.238272,10.238272,11
43,2016,2016-01-01,77.921991,77.921991,,,698190.0,9200110.076943,102.5,2100.0,1.209974,1.023827,10.238272,10.238272,11
43,2017,2017-01-01,77.922094,77.921991,77.921991,,698190.0001,9200110.07692,102.5,2100.0,1.209974,1.023827,10.238272,10.238272,11
43,2018,2018-01-01,77.921991,77.922094,77.921991,77.921991,698190.0,9200110.076943,102.5,2100.0,1.209974,1.023827,10.238272,10.238272,11
43,2019,2019-01-01,77.922094,77.921991,77.922094,77.921991,698190.0001,9200110.07692,102.5,2100.0,1.209974,1.023827,10.238272,10.238272,11
43,2020,2020-01-01,88.160263,77.922094,77.921991,77.922094,698200.0,9200107.858682,102.5,2100.0,1.209974,1.023827,10.238272,10.238272,11
43,2021,2021-01-01,88.160263,88.160263,77.922094,77.921991,698200.0,9200107.858682,102.5,2100.0,1.209974,1.023827,10.238272,10.238272,11
43,2022,2022-01-01,77.921991,88.160263,88.160263,77.922094,698190.0,9200110.076943,102.5,2100.0,1.209974,1.023827,10.238272,10.238272,11
43,2023,2023-01-01,88.160263,77.921991,88.160263,88.160263,698200.0,9200107.858682,102.5,2100.0,1.209974,1.023827,10.238272,10.238272,11
43,2024,2024-01-01,88.160263,88.160263,77.921991,88.160263,698200.0,9200107.858682,102.5,2100.0,1.209974,1.023827,10.238272,10.238272,11
43,2025,2025-01-01,88.160263,88.160263,88.160263,77.921991,698200.0,9200107.858682,102.5,2100.0,1.209974,1.023827,10.238272,10.238272,11
44,2015,2015-01-01,64.573239,,,,698131.670284,9200160.0001,35.78,2150.0,5.316423,4.8451,48.451002,49.299565,11
44,2016,2016-01-01,64.573116,64.573239,,,698131.670211,9200160.0,35.78,2150.0,5.316423,4.8451,48.451002,49.299565,11
44,2017,2017-01-01,64.573233,64.573116,64.573239,,698131.67028,9200160.000094,35.78,2150.0,5.316423,4.8451,48.451002,49.299565,11
44,2018,2018-01-01,113.02411,64.573233,64.573116,64.573239,698159.999923,9200199.30556,35.78,2150.0,5.316423,4.8451,48.451002,49.299565,11
44,2019,2019-01-01,113.024242,113.02411,64.573233,64.573116,698160.0,9200199.305667,35.78,2150.0,5.316423,4.8451,48.451002,49.299565,11
44,2020,2020-01-01,113.872681,113.024242,113.02411,64.573233,698160.500513,9200200.000095,35.78,2150.0,5.316423,4.8451,48.451002,49.299565,11
44,2021,2021-01-01,113.872681,113.872681,113.024242,113.02411,698160.500513,9200200.000095,35.78,2150.0,5.316423,4.8451,48.451002,49.299565,11
44,2022,2022-01-01,113.024242,113.872681,113.872681,113.024242,698160.0,9200199.305667,35.78,2150.0,5.316423,4.8451,48.451002,49.299565,11
44,2023,2023-01-01,113.872681,113.024242,113.872681,113.872681,698160.500513,9200200.000095,35.78,2150.0,5.316423,4.8451,48.451002,49.299565,11
44,2024,2024-01-01,113.024242,113.872681,113.024242,113.872681,698160.0,9200199.305667,35.78,2150.0,5.316423,4.8451,48.451002,49.299565,11
44,2025,2025-01-01,113.024242,113.024242,113.872681,113.024242,698160.0,9200199.305667,35.78,2150.0,5.316423,4.8451,48.451002,49.299565,11
45,2015,2015-01-01,37.16031,,,,698144.44456,9200160.0001,8.79,2200.0,6.715104,6.071296,60.712964,70.827367,11
45,2016,2016-01-01,37.160209,37.16031,,,698144.444545,9200160.0,8.79,2200.0,6.715104,6.071296,60.712964,70.827367,11
45,2017,2017-01-01,37.160261,37.160209,37.16031,,698144.444553,9200160.000052,8.79,2200.0,6.715104,6.071296,60.712964,70.827367,11
45,2018,2018-01-01,97.873232,37.160261,37.160209,37.16031,698153.72187,9200220.000021,8.79,2200.0,6.715104,6.071296,60.712964,70.827367,11
45,2019,2019-01-01,97.873211,97.873232,37.160261,37.160209,698153.721867,9200220.0,8.79,2200.0,6.715104,6.071296,60.712964,70.827367,11
45,2020,2020-01-01,97.873274,97.873211,97.873232,37.160261,698153.721876,9200220.000063,8.79,2200.0,6.715104,6.071296,60.712964,70.827367,11
45,2021,2021-01-01,97.873274,97.873274,97.873211,97.873232,698153.721876,9200220.000063,8.79,2200.0,6.715104,6.071296,60.712964,70.827367,11
45,2022,2022-01-01,87.754399,97.873274,97.873274,97.873211,698152.17565,9200210.000022,8.79,2200.0,6.715104,6.071296,60.712964,70.827367,11
45,2023,2023-01-01,107.987575,87.754399,97.873274,97.873274,698155.268094,9200230.000047,8.79,2200.0,6.715104,6.071296,60.712964,70.827367,11
45,2024,2024-01-01,97.873274,107.987575,87.754399,97.873274,698153.721876,9200220.000063,8.79,2200.0,6.715104,6.071296,60.712964,70.827367,11
45,2025,2025-01-01,97.873274,97.873274,107.987575,87.754399,698153.721876,9200220.000063,8.79,2200.0,6.715104,6.071296,60.712964,70.827367,11
46,2015,2015-01-01,15.884612,,,,698189.604657,9200130.0,41.83,2250.0,-1.751793,-1.438521,-14.385207,14.385295,11
46,2016,2016-01-01,15.884701,15.884612,,,698189.604567,9200129.9999,41.83,2250.0,-1.751793,-1.438521,-14.385207,14.385295,11
46,2017,2017-01-01,15.884612,15.884701,15.884612,,698189.604657,9200130.0,41.83,2250.0,-1.751793,-1.438521,-14.385207,14.385295,11
46,2018,2018-01-01,15.884612,15.884612,15.884701,15.884612,698189.604657,9200130.0,41.83,2250.0,-1.751793,-1.438521,-14.385207,14.385295,11
46,2019,2019-01-01,15.884701,15.884612,15.884612,15.884701,698189.604567,9200129.9999,41.83,2250.0,-1.751793,-1.438521,-14.385207,14.385295,11
46,2020,2020-01-01,15.884612,15.884701,15.884612,15.884612,698189.604657,9200130.0,41.83,2250.0,-1.751793,-1.438521,-14.385207,14.385295,11
46,2021,2021-01-01,15.884612,15.884612,15.884701,15.884612,698189.604657,9200130.0,41.83,2250.0,-1.751793,-1.438521,-14.385207,14.385295,11
46,2022,2022-01-01,2.465643,15.884612,15.884612,15.884701,698180.644782,9200120.0,41.83,2250.0,-1.751793,-1.438521,-14.385207,14.385295,11
46,2023,2023-01-01,2.465643,2.465643,15.884612,15.884612,698180.644782,9200120.0,41.83,2250.0,-1.751793,-1.438521,-14.385207,14.385295,11
46,2024,2024-01-01,2.465643,2.465643,2.465643,15.884612,698180.644782,9200120.0,41.83,2250.0,-1.751793,-1.438521,-14.385207,14.385295,11
46,2025,2025-01-01,1.499405,2.465643,2.465643,2.465643,698180.0,9200119.280367,41.83,2250.0,-1.751793,-1.438521,-14.385207,14.385295,11
47,2015,2015-01-01,1.285415,,,,698190.0,9200078.461044,56.96,2300.0,1.625913,1.192339,11.923388,11.92342,11
47,2016,2016-01-01,1.285415,1.285415,,,698190.0,9200078.461044,56.96,2300.0,1.625913,1.192339,11.923388,11.92342,11
47,2017,2017-01-01,1.285534,1.285415,1.285415,,698190.0001,9200078.461109,56.96,2300.0,1.625913,1.192339,11.923388,11.92342,11
47,2018,2018-01-01,1.285415,1.285534,1.285415,1.285415,698190.0,9200078.461044,56.96,2300.0,1.625913,1.192339,11.923388,11.92342,11
47,2019,2019-01-01,1.285534,1.285415,1.285534,1.285415,698190.0001,9200078.461109,56.96,2300.0,1.625913,1.192339,11.923388,11.92342,11
47,2020,2020-01-01,13.208803,1.285534,1.285415,1.285534,698200.0,9200084.958035,56.96,2300.0,1.625913,1.192339,11.923388,11.92342,11
47,2021,2021-01-01,13.208803,13.208803,1.285534,1.285415,698200.0,9200084.958035,56.96,2300.0,1.625913,1.192339,11.923388,11.92342,11
47,2022,2022-01-01,13.208835,13.208803,13.208803,1.285534,698200.00005,9200084.958068,56.96,2300.0,1.625913,1.192339,11.923388,11.92342,11
47,2023,2023-01-01,13.208803,13.208835,13.208803,13.208803,698200.0,9200084.958035,56.96,2300.0,1.625913,1.192339,11.923388,11.92342,11
47,2024,2024-01-01,13.208803,13.208803,13.208835,13.208803,698200.0,9200084.958035,56.96,2300.0,1.625913,1.192339,11.923388,11.92342,11
47,2025,2025-01-01,13.208803,13.208803,13.208803,13.208835,698200.0,9200084.958035,56.96,2300.0,1.625913,1.192339,11.923388,11.92342,11
48,2015,2015-01-01,12.985646,,,,698210.654542,9200040.000031,77.22,2350.0,1.306283,0.957926,9.579256,9.579709,11
48,2016,2016-01-01,12.985193,12.985646,,,698210.654101,9200039.999931,77.22,2350.0,1.306283,0.957926,9.579256,9.579709,11
48,2017,2017-01-01,12.985646,12.985193,12.985646,,698210.654542,9200040.000031,77.22,2350.0,1.306283,0.957926,9.579256,9.579709,11
48,2018,2018-01-01,12.985646,12.985646,12.985193,12.985646,698210.654542,9200040.000031,77.22,2350.0,1.306283,0.957926,9.579256,9.579709,11
48,2019,2019-01-01,12.985193,12.985646,12.985646,12.985193,698210.654101,9200039.999931,77.22,2350.0,1.306283,0.957926,9.579256,9.579709,11
48,2020,2020-01-01,22.564902,12.985193,12.985646,12.985646,698220.0,9200042.116645,77.22,2350.0,1.306283,0.957926,9.579256,9.579709,11
48,2021,2021-01-01,22.564902,22.564902,12.985193,12.985646,698220.0,9200042.116645,77.22,2350.0,1.306283,0.957926,9.579256,9.579709,11
48,2022,2022-01-01,22.564902,22.564902,22.564902,12.985193,698220.0,9200042.116645,77.22,2350.0,1.306283,0.957926,9.579256,9.579709,11
48,2023,2023-01-01,22.564902,22.564902,22.564902,22.564902,698220.0,9200042.116645,77.22,2350.0,1.306283,0.957926,9.579256,9.579709,11
48,2024,2024-01-01,22.564902,22.564902,22.564902,22.564902,698220.0,9200042.116645,77.22,2350.0,1.306283,0.957926,9.579256,9.579709,11
48,2025,2025-01-01,22.564902,22.564902,22.564902,22.564902,698220.0,9200042.116645,77.22,2350.0,1.306283,0.957926,9.579256,9.579709,11
49,2015,2015-01-01,2.999453,,,,698220.0,9200004.740047,65.14,2400.0,1.502278,1.101673,11.016733,11.016733,11
49,2016,2016-01-01,2.999453,2.999453,,,698220.0,9200004.740047,65.14,2400.0,1.502278,1.101673,11.016733,11.016733,11
49,2017,2017-01-01,2.999563,2.999453,2.999453,,698220.0001,9200004.740093,65.14,2400.0,1.502278,1.101673,11.016733,11.016733,11
49,2018,2018-01-01,2.999453,2.999563,2.999453,2.999453,698220.0,9200004.740047,65.14,2400.0,1.502278,1.101673,11.016733,11.016733,11
49,2019,2019-01-01,2.999563,2.999453,2.999563,2.999453,698220.0001,9200004.740093,65.14,2400.0,1.502278,1.101673,11.016733,11.016733,11
49,2020,2020-01-01,14.016186,2.999563,2.999453,2.999563,698230.0,9200009.367903,65.14,2400.0,1.502278,1.101673,11.016733,11.016733,11
49,2021,2021-01-01,14.016186,14.016186,2.999563,2.999453,698230.0,9200009.367903,65.14,2400.0,1.502278,1.101673,11.016733,11.016733,11
49,2022,2022-01-01,14.016186,14.016186,14.016186,2.999563,698230.0,9200009.367903,65.14,2400.0,1.502278,1.101673,11.016733,11.016733,11
49,2023,2023-01-01,14.016186,14.016186,14.016186,14.016186,698230.0,9200009.367903,65.14,2400.0,1.502278,1.101673,11.016733,11.016733,11
49,2024,2024-01-01,14.016186,14.016186,14.016186,14.016186,698230.0,9200009.367903,65.14,2400.0,1.502278,1.101673,11.016733,11.016733,11
49,2025,2025-01-01,14.016186,14.016186,14.016186,14.016186,698230.0,9200009.367903,65.14,2400.0,1.502278,1.101673,11.016733,11.016733,11
50,2015,2015-01-01,2.636397,,,,698220.0,9199954.131646,75.7,2450.0,2.120802,3.095458,30.954577,30.954601,11
50,2016,2016-01-01,33.590953,2.636397,,,698249.99993,9199961.771052,75.7,2450.0,2.120802,3.095458,30.954577,30.954601,11
50,2017,2017-01-01,2.6365,33.590953,2.636397,,698220.0001,9199954.131672,75.7,2450.0,2.120802,3.095458,30.954577,30.954601,11
50,2018,2018-01-01,33.590948,2.6365,33.590953,2.636397,698249.999912,9199961.771047,75.7,2450.0,2.120802,3.095458,30.954577,30.954601,11
50,2019,2019-01-01,33.590973,33.590948,2.6365,33.590953,698250.0,9199961.771069,75.7,2450.0,2.120802,3.095458,30.954577,30.954601,11
50,2020,2020-01-01,33.590973,33.590973,33.590948,2.6365,698250.0,9199961.771069,75.7,2450.0,2.120802,3.095458,30.954577,30.954601,11
50,2021,2021-01-01,33.590973,33.590973,33.590973,33.590948,698250.0,9199961.771069,75.7,2450.0,2.120802,3.095458,30.954577,30.954601,11
50,2022,2022-01-01,26.416856,33.590973,33.590973,33.590973,698243.045014,9199960.0,75.7,2450.0,2.120802,3.095458,30.954577,30.954601,11
50,2023,2023-01-01,33.590998,26.416856,33.590973,33.590973,698250.000091,9199961.771092,75.7,2450.0,2.120802,3.095458,30.954577,30.954601,11
50,2024,2024-01-01,33.590973,33.590998,26.416856,33.590973,698250.0,9199961.771069,75.7,2450.0,2.120802,3.095458,30.954577,30.954601,11
50,2025,2025-01-01,33.590973,33.590973,33.590998,26.416856,698250.0,9199961.771069,75.7,2450.0,2.120802,3.095458,30.954577,30.954601,11
51,2015,2015-01-01,2.298717,,,,698250.000027,9199934.082165,75.78,2500.0,1.687908,1.031544,10.315437,20.628175,11
51,2016,2016-01-01,2.298666,2.298717,,,698249.999977,9199934.082153,75.78,2500.0,1.687908,1.031544,10.315437,20.628175,11
51,2017,2017-01-01,2.298717,2.298666,2.298717,,698250.000027,9199934.082165,75.78,2500.0,1.687908,1.031544,10.315437,20.628175,11
51,2018,2018-01-01,2.298618,2.298717,2.298666,2.298717,698249.999931,9199934.082141,75.78,2500.0,1.687908,1.031544,10.315437,20.628175,11
51,2019,2019-01-01,2.29869,2.298618,2.298717,2.298666,698250.0,9199934.082158,75.78,2500.0,1.687908,1.031544,10.315437,20.628175,11
51,2020,2020-01-01,12.614155,2.29869,2.298618,2.298717,698260.0,9199936.613723,75.78,2500.0,1.687908,1.031544,10.315437,20.628175,11
51,2021,2021-01-01,12.614155,12.614155,2.29869,2.298618,698260.0,9199936.613723,75.78,2500.0,1.687908,1.031544,10.315437,20.628175,11
51,2022,2022-01-01,12.614155,12.614155,12.614155,2.29869,698260.0,9199936.613723,75.78,2500.0,1.687908,1.031544,10.315437,20.628175,11
51,2023,2023-01-01,22.926793,12.614155,12.614155,12.614155,698270.0,9199939.145287,75.78,2500.0,1.687908,1.031544,10.315437,20.628175,11
51,2024,2024-01-01,12.614155,22.926793,12.614155,12.614155,698260.0,9199936.613723,75.78,2500.0,1.687908,1.031544,10.315437,20.628175,11
51,2025,2025-01-01,12.614155,12.614155,22.926793,12.614155,698260.0,9199936.613723,75.78,2500.0,1.687908,1.031544,10.315437,20.628175,11
52,2015,2015-01-01,32.62357,,,,698280.0,9199878.446412,98.93,2550.0,1.196088,0.0,0.0,40.487953,11
52,2016,2016-01-01,32.623469,32.62357,,,698279.9999,9199878.446428,98.93,2550.0,1.196088,0.0,0.0,40.487953,11
52,2017,2017-01-01,32.62357,32.623469,32.62357,,698280.0,9199878.446412,98.93,2550.0,1.196088,0.0,0.0,40.487953,11
52,2018,2018-01-01,2.254288,32.62357,32.623469,32.62357,698249.999965,9199883.16777,98.93,2550.0,1.196088,0.0,0.0,40.487953,11
52,2019,2019-01-01,32.62357,2.254288,32.62357,32.623469,698280.0,9199878.446412,98.93,2550.0,1.196088,0.0,0.0,40.487953,11
52,2020,2020-01-01,32.62357,32.62357,2.254288,32.62357,698280.0,9199878.446412,98.93,2550.0,1.196088,0.0,0.0,40.487953,11
52,2021,2021-01-01,32.62357,32.62357,32.62357,2.254288,698280.0,9199878.446412,98.93,2550.0,1.196088,0.0,0.0,40.487953,11
52,2022,2022-01-01,32.62357,32.62357,32.62357,32.62357,698280.0,9199878.446412,98.93,2550.0,1.196088,0.0,0.0,40.487953,11
52,2023,2023-01-01,42.74224,32.62357,32.62357,32.62357,698290.0,9199876.872628,98.93,2550.0,1.196088,0.0,0.0,40.487953,11
52,2024,2024-01-01,42.74224,42.74224,32.62357,32.62357,698290.0,9199876.872628,98.93,2550.0,1.196088,0.0,0.0,40.487953,11
52,2025,2025-01-01,32.62357,42.74224,42.74224,32.62357,698280.0,9199878.446412,98.93,2550.0,1.196088,0.0,0.0,40.487953,11
53,2015,2015-01-01,82.637391,,,,698310.0,9199840.379848,94.79,2600.0,-2.55406,-5.017157,-50.171572,60.206741,11
53,2016,2016-01-01,82.637396,82.637391,,,698309.999933,9199840.379854,94.79,2600.0,-2.55406,-5.017157,-50.171572,60.206741,11
53,2017,2017-01-01,22.430714,82.637396,82.637391,,698250.000049,9199845.415194,94.79,2600.0,-2.55406,-5.017157,-50.171572,60.206741,11
53,2018,2018-01-01,22.430655,22.430714,82.637396,82.637391,698249.99999,9199845.415199,94.79,2600.0,-2.55406,-5.017157,-50.171572,60.206741,11
53,2019,2019-01-01,22.430714,22.430655,22.430714,82.637396,698250.000049,9199845.415194,94.79,2600.0,-2.55406,-5.017157,-50.171572,60.206741,11
53,2020,2020-01-01,32.465919,22.430714,22.430655,22.430714,698260.0001,9199844.575965,94.79,2600.0,-2.55406,-5.017157,-50.171572,60.206741,11
53,2021,2021-01-01,22.43072,32.465919,22.430714,22.430655,698250.000054,9199845.415194,94.79,2600.0,-2.55406,-5.017157,-50.171572,60.206741,11
53,2022,2022-01-01,22.43072,22.43072,32.465919,22.430714,698250.000054,9199845.415194,94.79,2600.0,-2.55406,-5.017157,-50.171572,60.206741,11
53,2023,2023-01-01,52.536125,22.43072,22.43072,32.465919,698280.0,9199842.897523,94.79,2600.0,-2.55406,-5.017157,-50.171572,60.206741,11
53,2024,2024-01-01,52.536125,52.536125,22.43072,22.43072,698280.0,9199842.897523,94.79,2600.0,-2.55406,-5.017157,-50.171572,60.206741,11
53,2025,2025-01-01,32.465819,52.536125,52.536125,22.43072,698260.0,9199844.575973,94.79,2600.0,-2.55406,-5.017157,-50.171572,60.206741,11
54,2015,2015-01-01,106.83279,,,,698340.0,9199806.988893,92.62,2650.0,3.275712,1.000642,10.006416,40.037875,11
54,2016,2016-01-01,76.801331,106.83279,,,698309.999986,9199808.362829,92.62,2650.0,3.275712,1.000642,10.006416,40.037875,11
54,2017,2017-01-01,76.801409,76.801331,106.83279,,698310.000064,9199808.362825,92.62,2650.0,3.275712,1.000642,10.006416,40.037875,11
54,2018,2018-01-01,76.801345,76.801409,76.801331,106.83279,698310.0,9199808.362828,92.62,2650.0,3.275712,1.000642,10.006416,40.037875,11
54,2019,2019-01-01,76.801409,76.801345,76.801409,76.801331,698310.000064,9199808.362825,92.62,2650.0,3.275712,1.000642,10.006416,40.037875,11
54,2020,2020-01-01,86.811827,76.801409,76.801345,76.801409,698320.0,9199807.90485,92.62,2650.0,3.275712,1.000642,10.006416,40.037875,11
54,2021,2021-01-01,86.811827,86.811827,76.801409,76.801345,698320.0,9199807.90485,92.62,2650.0,3.275712,1.000642,10.006416,40.037875,11
54,2022,2022-01-01,86.811827,86.811827,86.811827,76.801409,698320.0,9199807.90485,92.62,2650.0,3.275712,1.000642,10.006416,40.037875,11
54,2023,2023-01-01,116.839206,86.811827,86.811827,86.811827,698350.0,9199806.530915,92.62,2650.0,3.275712,1.000642,10.006416,40.037875,11
54,2024,2024-01-01,116.839206,116.839206,86.811827,86.811827,698350.0,9199806.530915,92.62,2650.0,3.275712,1.000642,10.006416,40.037875,11
54,2025,2025-01-01,116.839206,116.839206,116.839206,86.811827,698350.0,9199806.530915,92.62,2650.0,3.275712,1.000642,10.006416,40.037875,11
55,2015,2015-01-01,116.797058,,,,698361.853083,9199800.000027,77.73,2700.0,5.734187,-0.186024,-1.860242,114.429497,11
55,2016,2016-01-01,2.367561,116.797058,,,698250.0,9199775.684514,77.73,2700.0,5.734187,-0.186024,-1.860242,114.429497,11
55,2017,2017-01-01,63.768954,2.367561,116.797058,,698310.000031,9199788.727798,77.73,2700.0,5.734187,-0.186024,-1.860242,114.429497,11
55,2018,2018-01-01,63.768922,63.768954,2.367561,116.797058,698310.0,9199788.727792,77.73,2700.0,5.734187,-0.186024,-1.860242,114.429497,11
55,2019,2019-01-01,63.768954,63.768922,63.768954,2.367561,698310.000031,9199788.727798,77.73,2700.0,5.734187,-0.186024,-1.860242,114.429497,11
55,2020,2020-01-01,74.002482,63.768954,63.768922,63.768954,698320.0,9199790.901671,77.73,2700.0,5.734187,-0.186024,-1.860242,114.429497,11
55,2021,2021-01-01,74.002482,74.002482,63.768954,63.768922,698320.0,9199790.901671,77.73,2700.0,5.734187,-0.186024,-1.860242,114.429497,11
55,2022,2022-01-01,74.002482,74.002482,74.002482,63.768954,698320.0,9199790.901671,77.73,2700.0,5.734187,-0.186024,-1.860242,114.429497,11
55,2023,2023-01-01,116.796996,74.002482,74.002482,74.002482,698361.853146,9199800.000041,77.73,2700.0,5.734187,-0.186024,-1.860242,114.429497,11
55,2024,2024-01-01,114.936816,116.796996,74.002482,74.002482,698360.000096,9199799.59721,77.73,2700.0,5.734187,-0.186024,-1.860242,114.429497,11
55,2025,2025-01-01,114.936816,114.936816,116.796996,74.002482,698360.000096,9199799.59721,77.73,2700.0,5.734187,-0.186024,-1.860242,114.429497,11
56,2015,2015-01-01,157.657066,,,,698400.0,9199758.640721,78.26,2750.0,8.170992,-2.042395,-20.423946,153.200271,11
56,2016,2016-01-01,4.456835,157.657066,,,698250.0,9199727.475299,78.26,2750.0,8.170992,-2.042395,-20.423946,153.200271,11
56,2017,2017-01-01,4.456865,4.456835,157.657066,,698250.000029,9199727.475305,78.26,2750.0,8.170992,-2.042395,-20.423946,153.200271,11
56,2018,2018-01-01,4.456795,4.456865,4.456835,157.657066,698249.99996,9199727.475291,78.26,2750.0,8.170992,-2.042395,-20.423946,153.200271,11
56,2019,2019-01-01,4.456937,4.456795,4.456865,4.456835,698250.0001,9199727.47532,78.26,2750.0,8.170992,-2.042395,-20.423946,153.200271,11
56,2020,2020-01-01,14.670396,4.456937,4.456795,4.456865,698260.0,9199729.552994,78.26,2750.0,8.170992,-2.042395,-20.423946,153.200271,11
56,2021,2021-01-01,4.456835,14.670396,4.456937,4.456795,698250.0,9199727.475299,78.26,2750.0,8.170992,-2.042395,-20.423946,153.200271,11
56,2022,2022-01-01,4.456865,4.456835,14.670396,4.456937,698250.000029,9199727.475305,78.26,2750.0,8.170992,-2.042395,-20.423946,153.200271,11
56,2023,2023-01-01,147.44668,4.456865,4.456835,14.670396,698390.0,9199756.563026,78.26,2750.0,8.170992,-2.042395,-20.423946,153.200271,11
56,2024,2024-01-01,147.44668,147.44668,4.456865,4.456835,698390.0,9199756.563026,78.26,2750.0,8.170992,-2.042395,-20.423946,153.200271,11
56,2025,2025-01-01,137.23312,147.44668,147.44668,4.456865,698380.0,9199754.485331,78.26,2750.0,8.170992,-2.042395,-20.423946,153.200271,11
57,2015,2015-01-01,158.866494,,,,698400.0,9199720.624085,73.99,2800.0,8.899369,0.0,0.0,147.278465,11
57,2016,2016-01-01,11.588044,158.866494,,,698258.432085,9199679.999928,73.99,2800.0,8.899369,0.0,0.0,147.278465,11
57,2017,2017-01-01,34.026479,11.588044,158.866494,,698280.000074,9199686.189052,73.99,2800.0,8.899369,0.0,0.0,147.278465,11
57,2018,2018-01-01,11.588304,34.026479,11.588044,158.866494,698258.432336,9199680.0,73.99,2800.0,8.899369,0.0,0.0,147.278465,11
57,2019,2019-01-01,11.588044,11.588304,34.026479,11.588044,698258.432085,9199679.999928,73.99,2800.0,8.899369,0.0,0.0,147.278465,11
57,2020,2020-01-01,34.026402,11.588044,11.588304,34.026479,698280.0,9199686.189031,73.99,2800.0,8.899369,0.0,0.0,147.278465,11
57,2021,2021-01-01,23.62282,34.026402,11.588044,11.588304,698270.0,9199683.319443,73.99,2800.0,8.899369,0.0,0.0,147.278465,11
57,2022,2022-01-01,13.219237,23.62282,34.026402,11.588044,698260.0,9199680.449855,73.99,2800.0,8.899369,0.0,0.0,147.278465,11
57,2023,2023-01-01,158.866509,13.219237,23.62282,34.026402,698400.000052,9199720.6241,73.99,2800.0,8.899369,0.0,0.0,147.278465,11
57,2024,2024-01-01,158.866509,158.866509,13.219237,23.62282,698400.000052,9199720.6241,73.99,2800.0,8.899369,0.0,0.0,147.278465,11
57,2025,2025-01-01,158.866494,158.866509,158.866509,13.219237,698400.0,9199720.624085,73.99,2800.0,8.899369,0.0,0.0,147.278465,11
58,2015,2015-01-01,164.620297,,,,698425.127066,9199710.0001,68.23,2850.0,6.850897,-2.695138,-26.951382,161.808515,11
58,2016,2016-01-01,8.37621,164.620297,,,698280.0,9199652.063083,68.23,2850.0,6.850897,-2.695138,-26.951382,161.808515,11
58,2017,2017-01-01,8.376249,8.37621,164.620297,,698280.000036,9199652.063097,68.23,2850.0,6.850897,-2.695138,-26.951382,161.808515,11
58,2018,2018-01-01,8.37621,8.376249,8.37621,164.620297,698280.0,9199652.063083,68.23,2850.0,6.850897,-2.695138,-26.951382,161.808515,11
58,2019,2019-01-01,8.37621,8.37621,8.376249,8.37621,698280.0,9199652.063083,68.23,2850.0,6.850897,-2.695138,-26.951382,161.808515,11
58,2020,2020-01-01,29.91105,8.37621,8.37621,8.376249,698300.0,9199660.047399,68.23,2850.0,6.850897,-2.695138,-26.951382,161.808515,11
58,2021,2021-01-01,2.811782,29.91105,8.37621,8.37621,698274.832161,9199650.0,68.23,2850.0,6.850897,-2.695138,-26.951382,161.808515,11
58,2022,2022-01-01,2.811782,2.811782,29.91105,8.37621,698274.832161,9199650.0,68.23,2850.0,6.850897,-2.695138,-26.951382,161.808515,11
58,2023,2023-01-01,137.668915,2.811782,2.811782,29.91105,698400.077706,9199700.0,68.23,2850.0,6.850897,-2.695138,-26.951382,161.808515,11
58,2024,2024-01-01,137.668915,137.668915,2.811782,2.811782,698400.077706,9199700.0,68.23,2850.0,6.850897,-2.695138,-26.951382,161.808515,11
58,2025,2025-01-01,137.668915,137.668915,137.668915,2.811782,698400.077706,9199700.0,68.23,2850.0,6.850897,-2.695138,-26.951382,161.808515,11
59,2015,2015-01-01,159.217255,,,,698430.0,9199651.304863,71.31,2900.0,7.485781,-1.055389,-10.55389,158.347622,11
59,2016,2016-01-01,32.539718,159.217255,,,698310.0,9199610.71043,71.31,2900.0,7.485781,-1.055389,-10.55389,158.347622,11
59,2017,2017-01-01,32.539813,32.539718,159.217255,,698310.00009,9199610.71046,71.31,2900.0,7.485781,-1.055389,-10.55389,158.347622,11
59,2018,2018-01-01,0.869634,32.539813,32.539718,159.217255,698280.0,9199600.561822,71.31,2900.0,7.485781,-1.055389,-10.55389,158.347622,11
59,2019,2019-01-01,0.869634,0.869634,32.539813,32.539718,698280.0,9199600.561822,71.31,2900.0,7.485781,-1.055389,-10.55389,158.347622,11
59,2020,2020-01-01,32.539718,0.869634,0.869634,32.539813,698310.0,9199610.71043,71.31,2900.0,7.485781,-1.055389,-10.55389,158.347622,11
59,2021,2021-01-01,21.983023,32.539718,0.869634,0.869634,698300.0,9199607.32756,71.31,2900.0,7.485781,-1.055389,-10.55389,158.347622,11
59,2022,2022-01-01,21.983023,21.983023,32.539718,0.869634,698300.0,9199607.32756,71.31,2900.0,7.485781,-1.055389,-10.55389,158.347622,11
59,2023,2023-01-01,148.66336,21.983023,21.983023,32.539718,698420.0,9199647.921993,71.31,2900.0,7.485781,-1.055389,-10.55389,158.347622,11
59,2024,2024-01-01,148.66336,148.66336,21.983023,21.983023,698420.0,9199647.921993,71.31,2900.0,7.485781,-1.055389,-10.55389,158.347622,11
59,2025,2025-01-01,148.663365,148.66336,148.66336,21.983023,698420.000004,9199647.921995,71.31,2900.0,7.485781,-1.055389,-10.55389,158.347622,11
60,2015,2015-01-01,136.753377,,,,698430.0,9199613.894768,69.92,2950.0,7.646217,-1.064389,-10.643886,127.757686,11
60,2016,2016-01-01,8.995762,136.753377,,,698310.0,9199570.046115,69.92,2950.0,7.646217,-1.064389,-10.643886,127.757686,11
60,2017,2017-01-01,8.995809,8.995762,136.753377,,698310.000044,9199570.046131,69.92,2950.0,7.646217,-1.064389,-10.643886,127.757686,11
60,2018,2018-01-01,8.995691,8.995809,8.995762,136.753377,698309.999933,9199570.04609,69.92,2950.0,7.646217,-1.064389,-10.643886,127.757686,11
60,2019,2019-01-01,8.995762,8.995691,8.995809,8.995762,698310.0,9199570.046115,69.92,2950.0,7.646217,-1.064389,-10.643886,127.757686,11
60,2020,2020-01-01,19.642457,8.995762,8.995691,8.995809,698320.0,9199573.700169,69.92,2950.0,7.646217,-1.064389,-10.643886,127.757686,11
60,2021,2021-01-01,8.995762,19.642457,8.995762,8.995691,698310.0,9199570.046115,69.92,2950.0,7.646217,-1.064389,-10.643886,127.757686,11
60,2022,2022-01-01,8.995762,8.995762,19.642457,8.995762,698310.0,9199570.046115,69.92,2950.0,7.646217,-1.064389,-10.643886,127.757686,11
60,2023,2023-01-01,136.753377,8.995762,8.995762,19.642457,698430.0,9199613.894768,69.92,2950.0,7.646217,-1.064389,-10.643886,127.757686,11
60,2024,2024-01-01,136.753377,136.753377,8.995762,8.995762,698430.0,9199613.894768,69.92,2950.0,7.646217,-1.064389,-10.643886,127.757686,11
60,2025,2025-01-01,126.10949,136.753377,136.753377,8.995762,698420.00008,9199610.240742,69.92,2950.0,7.646217,-1.064389,-10.643886,127.757686,11
61,2015,2015-01-01,157.197004,,,,698430.0,9199622.367534,48.62,3000.0,8.946649,-1.332543,-13.325433,139.726366,11
61,2016,2016-01-01,17.470637,157.197004,,,698325.156403,9199529.999951,48.62,3000.0,8.946649,-1.332543,-13.325433,139.726366,11
61,2017,2017-01-01,17.470789,17.470637,157.197004,,698325.156517,9199530.000051,48.62,3000.0,8.946649,-1.332543,-13.325433,139.726366,11
61,2018,2018-01-01,17.470789,17.470789,17.470637,157.197004,698325.156517,9199530.000051,48.62,3000.0,8.946649,-1.332543,-13.325433,139.726366,11
61,2019,2019-01-01,17.470637,17.470789,17.470789,17.470637,698325.156403,9199529.999951,48.62,3000.0,8.946649,-1.332543,-13.325433,139.726366,11
61,2020,2020-01-01,37.253133,17.470637,17.470789,17.470789,698340.0,9199543.077212,48.62,3000.0,8.946649,-1.332543,-13.325433,139.726366,11
61,2021,2021-01-01,50.580426,37.253133,17.470637,17.470789,698350.0,9199551.887248,48.62,3000.0,8.946649,-1.332543,-13.325433,139.726366,11
61,2022,2022-01-01,37.253133,50.580426,37.253133,17.470637,698340.0,9199543.077212,48.62,3000.0,8.946649,-1.332543,-13.325433,139.726366,11
61,2023,2023-01-01,157.197004,37.253133,50.580426,37.253133,698430.0,9199622.367534,48.62,3000.0,8.946649,-1.332543,-13.325433,139.726366,11
61,2024,2024-01-01,157.197004,157.197004,37.253133,50.580426,698430.0,9199622.367534,48.62,3000.0,8.946649,-1.332543,-13.325433,139.726366,11
61,2025,2025-01-01,143.871571,157.197004,157.197004,37.253133,698420.000073,9199613.557562,48.62,3000.0,8.946649,-1.332543,-13.325433,139.726366,11
62,2015,2015-01-01,122.812241,,,,698430.0,9199590.667299,40.87,3050.0,7.990803,0.0,0.0,119.902102,11
62,2016,2016-01-01,2.910139,122.812241,,,698351.537891,9199500.0,40.87,3050.0,7.990803,0.0,0.0,119.902102,11
62,2017,2017-01-01,2.910271,2.910139,122.812241,,698351.537978,9199500.0001,40.87,3050.0,7.990803,0.0,0.0,119.902102,11
62,2018,2018-01-01,2.910164,2.910271,2.910139,122.812241,698351.537908,9199500.000019,40.87,3050.0,7.990803,0.0,0.0,119.902102,11
62,2019,2019-01-01,2.910139,2.910164,2.910271,2.910139,698351.537891,9199500.0,40.87,3050.0,7.990803,0.0,0.0,119.902102,11
62,2020,2020-01-01,16.134835,2.910139,2.910164,2.910271,698360.191826,9199510.0001,40.87,3050.0,7.990803,0.0,0.0,119.902102,11
62,2021,2021-01-01,16.134835,16.134835,2.910139,2.910164,698360.191826,9199510.0001,40.87,3050.0,7.990803,0.0,0.0,119.902102,11
62,2022,2022-01-01,16.134835,16.134835,16.134835,2.910139,698360.191826,9199510.0001,40.87,3050.0,7.990803,0.0,0.0,119.902102,11
62,2023,2023-01-01,122.812241,16.134835,16.134835,16.134835,698430.0,9199590.667299,40.87,3050.0,7.990803,0.0,0.0,119.902102,11
62,2024,2024-01-01,122.812241,122.812241,16.134835,16.134835,698430.0,9199590.667299,40.87,3050.0,7.990803,0.0,0.0,119.902102,11
62,2025,2025-01-01,122.812241,122.812241,122.812241,16.134835,698430.0,9199590.667299,40.87,3050.0,7.990803,0.0,0.0,119.902102,11
63,2015,2015-01-01,56.841139,,,,698431.958651,9199530.0,38.24,3100.0,5.309423,1.299128,12.991279,80.776677,11
63,2016,2016-01-01,5.210028,56.841139,,,698400.0,9199489.448597,38.24,3100.0,5.309423,1.299128,12.991279,80.776677,11
63,2017,2017-01-01,5.210028,5.210028,56.841139,,698400.0,9199489.448597,38.24,3100.0,5.309423,1.299128,12.991279,80.776677,11
63,2018,2018-01-01,5.209999,5.210028,5.210028,56.841139,698399.999982,9199489.448575,38.24,3100.0,5.309423,1.299128,12.991279,80.776677,11
63,2019,2019-01-01,5.210028,5.209999,5.210028,5.210028,698400.0,9199489.448597,38.24,3100.0,5.309423,1.299128,12.991279,80.776677,11
63,2020,2020-01-01,5.912088,5.210028,5.209999,5.210028,698400.434562,9199490.0,38.24,3100.0,5.309423,1.299128,12.991279,80.776677,11
63,2021,2021-01-01,5.912088,5.912088,5.210028,5.209999,698400.434562,9199490.0,38.24,3100.0,5.309423,1.299128,12.991279,80.776677,11
63,2022,2022-01-01,5.912149,5.912088,5.912088,5.210028,698400.434599,9199490.000048,38.24,3100.0,5.309423,1.299128,12.991279,80.776677,11
63,2023,2023-01-01,69.832418,5.912149,5.912088,5.912088,698440.0,9199540.203433,38.24,3100.0,5.309423,1.299128,12.991279,80.776677,11
63,2024,2024-01-01,85.986677,69.832418,5.912149,5.912088,698450.0,9199552.892143,38.24,3100.0,5.309423,1.299128,12.991279,80.776677,11
63,2025,2025-01-01,69.832418,85.986677,69.832418,5.912149,698440.0,9199540.203433,38.24,3100.0,5.309423,1.299128,12.991279,80.776677,11
64,2015,2015-01-01,64.07137,,,,698460.0,9199463.000242,67.32,3150.0,1.478791,-1.083533,-10.835331,59.653768,11
64,2016,2016-01-01,31.560198,64.07137,,,698429.999933,9199450.464758,67.32,3150.0,1.478791,-1.083533,-10.835331,59.653768,11
64,2017,2017-01-01,31.560271,31.560198,64.07137,,698430.0,9199450.464786,67.32,3150.0,1.478791,-1.083533,-10.835331,59.653768,11
64,2018,2018-01-01,4.417602,31.560271,31.560198,64.07137,698404.95575,9199440.000083,67.32,3150.0,1.478791,-1.083533,-10.835331,59.653768,11
64,2019,2019-01-01,31.560294,4.417602,31.560271,31.560198,698430.000022,9199450.464795,67.32,3150.0,1.478791,-1.083533,-10.835331,59.653768,11
64,2020,2020-01-01,20.722386,31.560294,4.417602,31.560271,698420.0,9199446.286301,67.32,3150.0,1.478791,-1.083533,-10.835331,59.653768,11
64,2021,2021-01-01,20.722386,20.722386,31.560294,4.417602,698420.0,9199446.286301,67.32,3150.0,1.478791,-1.083533,-10.835331,59.653768,11
64,2022,2022-01-01,20.722386,20.722386,20.722386,31.560294,698420.0,9199446.286301,67.32,3150.0,1.478791,-1.083533,-10.835331,59.653768,11
64,2023,2023-01-01,53.236039,20.722386,20.722386,20.722386,698450.0,9199458.821757,67.32,3150.0,1.478791,-1.083533,-10.835331,59.653768,11
64,2024,2024-01-01,64.07137,53.236039,20.722386,20.722386,698460.0,9199463.000242,67.32,3150.0,1.478791,-1.083533,-10.835331,59.653768,11
64,2025,2025-01-01,53.236039,64.07137,53.236039,20.722386,698450.0,9199458.821757,67.32,3150.0,1.478791,-1.083533,-10.835331,59.653768,11
65,2015,2015-01-01,41.943922,,,,698460.0,9199414.229638,73.98,3200.0,2.070669,0.0,0.0,41.611641,11
65,2016,2016-01-01,26.609979,41.943922,,,698445.260951,9199409.999951,73.98,3200.0,2.070669,0.0,0.0,41.611641,11
65,2017,2017-01-01,10.733069,26.609979,41.943922,,698430.0,9199405.620493,73.98,3200.0,2.070669,0.0,0.0,41.611641,11
65,2018,2018-01-01,10.733029,10.733069,26.609979,41.943922,698429.999962,9199405.620482,73.98,3200.0,2.070669,0.0,0.0,41.611641,11
65,2019,2019-01-01,10.733143,10.733029,10.733069,26.609979,698430.000072,9199405.620513,73.98,3200.0,2.070669,0.0,0.0,41.611641,11
65,2020,2020-01-01,31.540304,10.733143,10.733029,10.733069,698450.0,9199411.359923,73.98,3200.0,2.070669,0.0,0.0,41.611641,11
65,2021,2021-01-01,10.733069,31.540304,10.733143,10.733029,698430.0,9199405.620493,73.98,3200.0,2.070669,0.0,0.0,41.611641,11
65,2022,2022-01-01,10.733099,10.733069,31.540304,10.733143,698430.000029,9199405.620501,73.98,3200.0,2.070669,0.0,0.0,41.611641,11
65,2023,2023-01-01,52.34467,10.733099,10.733069,31.540304,698470.0,9199417.099353,73.98,3200.0,2.070669,0.0,0.0,41.611641,11
65,2024,2024-01-01,52.34467,52.34467,10.733099,10.733069,698470.0,9199417.099353,73.98,3200.0,2.070669,0.0,0.0,41.611641,11
65,2025,2025-01-01,41.943922,52.34467,52.34467,10.733099,698460.0,9199414.229638,73.98,3200.0,2.070669,0.0,0.0,41.611641,11
66,2015,2015-01-01,64.421083,,,,698490.0,9199369.68755,75.34,3250.0,1.221686,-2.066929,-20.669292,62.01405,11
66,2016,2016-01-01,33.415533,64.421083,,,698459.999946,9199361.843788,75.34,3250.0,1.221686,-2.066929,-20.669292,62.01405,11
66,2017,2017-01-01,2.407132,33.415533,64.421083,,698430.0,9199354.000054,75.34,3250.0,1.221686,-2.066929,-20.669292,62.01405,11
66,2018,2018-01-01,2.407033,2.407132,33.415533,64.421083,698429.999904,9199354.000029,75.34,3250.0,1.221686,-2.066929,-20.669292,62.01405,11
66,2019,2019-01-01,33.415588,2.407033,2.407132,33.415533,698460.0,9199361.843802,75.34,3250.0,1.221686,-2.066929,-20.669292,62.01405,11
66,2020,2020-01-01,12.743284,33.415588,2.407033,2.407132,698440.0,9199356.614637,75.34,3250.0,1.221686,-2.066929,-20.669292,62.01405,11
66,2021,2021-01-01,12.743284,12.743284,33.415588,2.407033,698440.0,9199356.614637,75.34,3250.0,1.221686,-2.066929,-20.669292,62.01405,11
66,2022,2022-01-01,12.743284,12.743284,12.743284,33.415588,698440.0,9199356.614637,75.34,3250.0,1.221686,-2.066929,-20.669292,62.01405,11
66,2023,2023-01-01,54.087892,12.743284,12.743284,12.743284,698480.0,9199367.072968,75.34,3250.0,1.221686,-2.066929,-20.669292,62.01405,11
66,2024,2024-01-01,54.087892,54.087892,12.743284,12.743284,698480.0,9199367.072968,75.34,3250.0,1.221686,-2.066929,-20.669292,62.01405,11
66,2025,2025-01-01,43.751791,54.087892,54.087892,12.743284,698470.000049,9199364.458398,75.34,3250.0,1.221686,-2.066929,-20.669292,62.01405,11
67,2015,2015-01-01,47.89777,,,,698490.0,9199324.790886,68.88,3300.0,-0.954565,-1.329687,-13.296871,32.156434,11
67,2016,2016-01-01,34.600555,47.89777,,,698477.593081,9199319.9999,68.88,3300.0,-0.954565,-1.329687,-13.296871,32.156434,11
67,2017,2017-01-01,34.600832,34.600555,47.89777,,698477.59334,9199320.0,68.88,3300.0,-0.954565,-1.329687,-13.296871,32.156434,11
67,2018,2018-01-01,34.600832,34.600832,34.600555,47.89777,698477.59334,9199320.0,68.88,3300.0,-0.954565,-1.329687,-13.296871,32.156434,11
67,2019,2019-01-01,34.600555,34.600832,34.600832,34.600555,698477.593081,9199319.9999,68.88,3300.0,-0.954565,-1.329687,-13.296871,32.156434,11
67,2020,2020-01-01,15.741336,34.600555,34.600832,34.600832,698460.0,9199313.206254,68.88,3300.0,-0.954565,-1.329687,-13.296871,32.156434,11
67,2021,2021-01-01,15.741336,15.741336,34.600555,34.600832,698460.0,9199313.206254,68.88,3300.0,-0.954565,-1.329687,-13.296871,32.156434,11
67,2022,2022-01-01,15.741336,15.741336,15.741336,34.600555,698460.0,9199313.206254,68.88,3300.0,-0.954565,-1.329687,-13.296871,32.156434,11
67,2023,2023-01-01,37.180769,15.741336,15.741336,15.741336,698480.00007,9199320.929369,68.88,3300.0,-0.954565,-1.329687,-13.296871,32.156434,11
67,2024,2024-01-01,37.180694,37.180769,15.741336,15.741336,698480.0,9199320.929342,68.88,3300.0,-0.954565,-1.329687,-13.296871,32.156434,11
67,2025,2025-01-01,34.600899,37.180694,37.180769,15.741336,698477.593403,9199320.000024,68.88,3300.0,-0.954565,-1.329687,-13.296871,32.156434,11
68,2015,2015-01-01,66.051496,,,,698520.832922,9199290.0,63.31,3350.0,-1.271728,-0.09322,-0.932198,67.149177,11
68,2016,2016-01-01,66.051493,66.051496,,,698520.83292,9199289.999999,63.31,3350.0,-1.271728,-0.09322,-0.932198,67.149177,11
68,2017,2017-01-01,66.051496,66.051493,66.051496,,698520.832922,9199290.0,63.31,3350.0,-1.271728,-0.09322,-0.932198,67.149177,11
68,2018,2018-01-01,132.268475,66.051496,66.051493,66.051496,698579.9999,9199319.736768,63.31,3350.0,-1.271728,-0.09322,-0.932198,67.149177,11
68,2019,2019-01-01,66.051273,132.268475,66.051496,66.051493,698520.832723,9199289.9999,63.31,3350.0,-1.271728,-0.09322,-0.932198,67.149177,11
68,2020,2020-01-01,66.051598,66.051273,132.268475,66.051496,698520.833014,9199290.000046,63.31,3350.0,-1.271728,-0.09322,-0.932198,67.149177,11
68,2021,2021-01-01,65.119298,66.051598,66.051273,132.268475,698520.000004,9199289.581383,63.31,3350.0,-1.271728,-0.09322,-0.932198,67.149177,11
68,2022,2022-01-01,65.119298,65.119298,66.051598,66.051273,698520.000004,9199289.581383,63.31,3350.0,-1.271728,-0.09322,-0.932198,67.149177,11
68,2023,2023-01-01,66.051718,65.119298,65.119298,66.051598,698520.833121,9199290.0001,63.31,3350.0,-1.271728,-0.09322,-0.932198,67.149177,11
68,2024,2024-01-01,66.051638,66.051718,65.119298,65.119298,698520.833049,9199290.000064,63.31,3350.0,-1.271728,-0.09322,-0.932198,67.149177,11
68,2025,2025-01-01,65.119298,66.051638,66.051718,65.119298,698520.000004,9199289.581383,63.31,3350.0,-1.271728,-0.09322,-0.932198,67.149177,11
69,2015,2015-01-01,294.956848,,,,698457.870069,9199530.0,354.37,3400.0,-1.735482,-21.101493,-211.014929,231.111943,11
69,2016,2016-01-01,83.941804,294.956848,,,698478.577768,9199319.9999,354.37,3400.0,-1.735482,-21.101493,-211.014929,231.111943,11
69,2017,2017-01-01,83.941905,83.941804,294.956848,,698478.577758,9199320.0,354.37,3400.0,-1.735482,-21.101493,-211.014929,231.111943,11
69,2018,2018-01-01,83.941905,83.941905,83.941804,294.956848,698478.577758,9199320.0,354.37,3400.0,-1.735482,-21.101493,-211.014929,231.111943,11
69,2019,2019-01-01,83.941804,83.941905,83.941905,83.941804,698478.577768,9199319.9999,354.37,3400.0,-1.735482,-21.101493,-211.014929,231.111943,11
69,2020,2020-01-01,63.844905,83.941804,83.941905,83.941905,698480.549919,9199300.0,354.37,3400.0,-1.735482,-21.101493,-211.014929,231.111943,11
69,2021,2021-01-01,63.844905,63.844905,83.941804,83.941905,698480.549919,9199300.0,354.37,3400.0,-1.735482,-21.101493,-211.014929,231.111943,11
69,2022,2022-01-01,63.844905,63.844905,63.844905,83.941804,698480.549919,9199300.0,354.37,3400.0,-1.735482,-21.101493,-211.014929,231.111943,11
69,2023,2023-01-01,204.523939,63.844905,63.844905,63.844905,698466.74479,9199440.000033,354.37,3400.0,-1.735482,-21.101493,-211.014929,231.111943,11
69,2024,2024-01-01,224.620907,204.523939,63.844905,63.844905,698464.772632,9199460.0,354.37,3400.0,-1.735482,-21.101493,-211.014929,231.111943,11
69,2025,2025-01-01,83.941919,224.620907,204.523939,63.844905,698478.577757,9199320.000014,354.37,3400.0,-1.735482,-21.101493,-211.014929,231.111943,11
70,2016,2016-01-01,257.146915,,,,698367.090004,9199500.0,332.44,3450.0,-11.714634,-17.546444,-157.917992,194.840613,8
70,2017,2017-01-01,257.147028,257.146915,,,698367.089952,9199500.0001,332.44,3450.0,-11.714634,-17.546444,-157.917992,194.840613,8
70,2018,2018-01-01,257.146966,257.147028,257.146915,,698367.089981,9199500.000045,332.44,3450.0,-11.714634,-17.546444,-157.917992,194.840613,8
70,2019,2019-01-01,257.146915,257.146966,257.147028,257.146915,698367.090004,9199500.0,332.44,3450.0,-11.714634,-17.546444,-157.917992,194.840613,8
70,2020,2020-01-01,268.426885,257.146915,257.146966,257.147028,698361.87122,9199510.0001,332.44,3450.0,-11.714634,-17.546444,-157.917992,194.840613,8
70,2021,2021-01-01,294.069536,268.426885,257.146915,257.146966,698350.0,9199532.747426,332.44,3450.0,-11.714634,-17.546444,-157.917992,194.840613,8
70,2022,2022-01-01,294.069536,294.069536,268.426885,257.146915,698350.0,9199532.747426,332.44,3450.0,-11.714634,-17.546444,-157.917992,194.840613,8
70,2025,2025-01-01,99.228923,294.069536,294.069536,268.426885,698440.152254,9199360.0,332.44,3450.0,-11.714634,-17.546444,-157.917992,194.840613,8
71,2015,2015-01-01,262.793135,,,,698447.550455,9199530.0,343.75,3500.0,16.609947,3.124591,31.245913,281.236787,11
71,2016,2016-01-01,44.051108,262.793135,,,698508.771634,9199319.9999,343.75,3500.0,16.609947,3.124591,31.245913,281.236787,11
71,2017,2017-01-01,12.802366,44.051108,262.793135,,698517.517484,9199290.0,343.75,3500.0,16.609947,3.124591,31.245913,281.236787,11
71,2018,2018-01-01,12.802413,12.802366,44.051108,262.793135,698517.51747,9199290.000046,343.75,3500.0,16.609947,3.124591,31.245913,281.236787,11
71,2019,2019-01-01,12.802261,12.802413,12.802366,44.051108,698517.517513,9199289.9999,343.75,3500.0,16.609947,3.124591,31.245913,281.236787,11
71,2020,2020-01-01,12.802431,12.802261,12.802413,12.802366,698517.517465,9199290.000062,343.75,3500.0,16.609947,3.124591,31.245913,281.236787,11
71,2021,2021-01-01,12.802391,12.802431,12.802261,12.802413,698517.517476,9199290.000025,343.75,3500.0,16.609947,3.124591,31.245913,281.236787,11
71,2022,2022-01-01,12.802379,12.802391,12.802431,12.802261,698517.51748,9199290.000012,343.75,3500.0,16.609947,3.124591,31.245913,281.236787,11
71,2023,2023-01-01,289.770757,12.802379,12.802391,12.802431,698440.0,9199555.899474,343.75,3500.0,16.609947,3.124591,31.245913,281.236787,11
71,2024,2024-01-01,254.040962,289.770757,12.802379,12.802391,698450.0,9199521.597603,343.75,3500.0,16.609947,3.124591,31.245913,281.236787,11
71,2025,2025-01-01,294.039049,254.040962,289.770757,12.802379,698438.804573,9199560.000012,343.75,3500.0,16.609947,3.124591,31.245913,281.236787,11
72,2015,2015-01-01,22.641001,,,,698570.963753,9199290.0,24.97,3550.0,0.513591,0.0,0.0,21.396779,11
72,2016,2016-01-01,22.640908,22.641001,,,698570.963713,9199289.999915,24.97,3550.0,0.513591,0.0,0.0,21.396779,11
72,2017,2017-01-01,22.641001,22.640908,22.641001,,698570.963753,9199290.0,24.97,3550.0,0.513591,0.0,0.0,21.396779,11
72,2018,2018-01-01,44.03767,22.641001,22.640908,22.641001,698579.999918,9199309.395903,24.97,3550.0,0.513591,0.0,0.0,21.396779,11
72,2019,2019-01-01,22.640891,44.03767,22.641001,22.640908,698570.963706,9199289.9999,24.97,3550.0,0.513591,0.0,0.0,21.396779,11
72,2020,2020-01-01,22.641051,22.640891,44.03767,22.641001,698570.963774,9199290.000045,24.97,3550.0,0.513591,0.0,0.0,21.396779,11
72,2021,2021-01-01,22.641001,22.641051,22.640891,44.03767,698570.963753,9199290.0,24.97,3550.0,0.513591,0.0,0.0,21.396779,11
72,2022,2022-01-01,33.672974,22.641001,22.641051,22.640891,698575.622554,9199300.0,24.97,3550.0,0.513591,0.0,0.0,21.396779,11
72,2023,2023-01-01,33.672974,33.672974,22.641001,22.641051,698575.622554,9199300.0,24.97,3550.0,0.513591,0.0,0.0,21.396779,11
72,2024,2024-01-01,33.672995,33.672974,33.672974,22.641001,698575.622562,9199300.000019,24.97,3550.0,0.513591,0.0,0.0,21.396779,11
72,2025,2025-01-01,22.641001,33.672995,33.672974,33.672974,698570.963753,9199290.0,24.97,3550.0,0.513591,0.0,0.0,21.396779,11
73,2015,2015-01-01,3.417559,,,,698580.0,9199269.737559,39.27,3600.0,6.152996,3.90968,39.096799,52.007926,11
73,2016,2016-01-01,3.417559,3.417559,,,698580.0,9199269.737559,39.27,3600.0,6.152996,3.90968,39.096799,52.007926,11
73,2017,2017-01-01,3.417559,3.417559,3.417559,,698580.0,9199269.737559,39.27,3600.0,6.152996,3.90968,39.096799,52.007926,11
73,2018,2018-01-01,3.417534,3.417559,3.417559,3.417559,698579.999984,9199269.737539,39.27,3600.0,6.152996,3.90968,39.096799,52.007926,11
73,2019,2019-01-01,3.417559,3.417534,3.417559,3.417559,698580.0,9199269.737559,39.27,3600.0,6.152996,3.90968,39.096799,52.007926,11
73,2020,2020-01-01,29.595066,3.417559,3.417534,3.417559,698596.573937,9199290.0,39.27,3600.0,6.152996,3.90968,39.096799,52.007926,11
73,2021,2021-01-01,42.514327,29.595066,3.417559,3.417534,698604.753593,9199300.000026,39.27,3600.0,6.152996,3.90968,39.096799,52.007926,11
73,2022,2022-01-01,42.514293,42.514327,29.595066,3.417559,698604.753572,9199300.0,39.27,3600.0,6.152996,3.90968,39.096799,52.007926,11
73,2023,2023-01-01,55.42546,42.514293,42.514327,29.595066,698612.933207,9199310.0,39.27,3600.0,6.152996,3.90968,39.096799,52.007926,11
73,2024,2024-01-01,55.42546,55.42546,42.514293,42.514327,698612.933207,9199310.0,39.27,3600.0,6.152996,3.90968,39.096799,52.007926,11
73,2025,2025-01-01,42.514359,55.42546,55.42546,42.514293,698604.753613,9199300.000051,39.27,3600.0,6.152996,3.90968,39.096799,52.007926,11
74,2015,2015-01-01,14.584042,,,,698610.0,9199253.548723,54.98,3650.0,-0.281156,-0.618545,-6.185448,6.185448,11
74,2016,2016-01-01,14.584042,14.584042,,,698610.0,9199253.548723,54.98,3650.0,-0.281156,-0.618545,-6.185448,6.185448,11
74,2017,2017-01-01,14.584042,14.584042,14.584042,,698610.0,9199253.548723,54.98,3650.0,-0.281156,-0.618545,-6.185448,6.185448,11
74,2018,2018-01-01,14.584027,14.584042,14.584042,14.584042,698609.999978,9199253.548708,54.98,3650.0,-0.281156,-0.618545,-6.185448,6.185448,11
74,2019,2019-01-01,14.584042,14.584027,14.584042,14.584042,698610.0,9199253.548723,54.98,3650.0,-0.281156,-0.618545,-6.185448,6.185448,11
74,2020,2020-01-01,8.398594,14.584042,14.584027,14.584042,698604.931523,9199250.0001,54.98,3650.0,-0.281156,-0.618545,-6.185448,6.185448,11
74,2021,2021-01-01,14.584042,8.398594,14.584042,14.584027,698610.0,9199253.548723,54.98,3650.0,-0.281156,-0.618545,-6.185448,6.185448,11
74,2022,2022-01-01,14.584042,14.584042,8.398594,14.584042,698610.0,9199253.548723,54.98,3650.0,-0.281156,-0.618545,-6.185448,6.185448,11
74,2023,2023-01-01,14.584042,14.584042,14.584042,8.398594,698610.0,9199253.548723,54.98,3650.0,-0.281156,-0.618545,-6.185448,6.185448,11
74,2024,2024-01-01,14.584042,14.584042,14.584042,14.584042,698610.0,9199253.548723,54.98,3650.0,-0.281156,-0.618545,-6.185448,6.185448,11
74,2025,2025-01-01,8.398594,14.584042,14.584042,14.584042,698604.931523,9199250.0001,54.98,3650.0,-0.281156,-0.618545,-6.185448,6.185448,11
75,2015,2015-01-01,0.931455,,,,698610.0,9199201.663816,59.85,3700.0,4.426573,4.625568,46.255679,56.411479,11
75,2016,2016-01-01,0.931455,0.931455,,,698610.0,9199201.663816,59.85,3700.0,4.426573,4.625568,46.255679,56.411479,11
75,2017,2017-01-01,35.623215,0.931455,0.931455,,698640.0,9199219.08559,59.85,3700.0,4.426573,4.625568,46.255679,56.411479,11
75,2018,2018-01-01,35.62312,35.623215,0.931455,0.931455,698639.999918,9199219.085543,59.85,3700.0,4.426573,4.625568,46.255679,56.411479,11
75,2019,2019-01-01,35.623236,35.62312,35.623215,0.931455,698640.000018,9199219.085601,59.85,3700.0,4.426573,4.625568,46.255679,56.411479,11
75,2020,2020-01-01,35.623215,35.623236,35.62312,35.623215,698640.0,9199219.08559,59.85,3700.0,4.426573,4.625568,46.255679,56.411479,11
75,2021,2021-01-01,37.444068,35.623215,35.623236,35.62312,698641.574598,9199220.0,59.85,3700.0,4.426573,4.625568,46.255679,56.411479,11
75,2022,2022-01-01,37.444068,37.444068,35.623215,35.623236,698641.574598,9199220.0,59.85,3700.0,4.426573,4.625568,46.255679,56.411479,11
75,2023,2023-01-01,57.342934,37.444068,37.444068,35.623215,698658.794602,9199230.0001,59.85,3700.0,4.426573,4.625568,46.255679,56.411479,11
75,2024,2024-01-01,47.187134,57.342934,37.444068,37.444068,698650.0,9199224.892848,59.85,3700.0,4.426573,4.625568,46.255679,56.411479,11
75,2025,2025-01-01,47.187134,47.187134,57.342934,37.444068,698650.0,9199224.892848,59.85,3700.0,4.426573,4.625568,46.255679,56.411479,11
76,2015,2015-01-01,1.354973,,,,698640.000069,9199181.580787,54.03,3750.0,4.251122,3.136874,31.368736,37.06014,11
76,2016,2016-01-01,1.354887,1.354973,,,698640.0,9199181.580736,54.03,3750.0,4.251122,3.136874,31.368736,37.06014,11
76,2017,2017-01-01,1.354887,1.354887,1.354973,,698640.0,9199181.580736,54.03,3750.0,4.251122,3.136874,31.368736,37.06014,11
76,2018,2018-01-01,1.354864,1.354887,1.354887,1.354973,698639.999981,9199181.580722,54.03,3750.0,4.251122,3.136874,31.368736,37.06014,11
76,2019,2019-01-01,1.354987,1.354864,1.354887,1.354887,698640.000081,9199181.580795,54.03,3750.0,4.251122,3.136874,31.368736,37.06014,11
76,2020,2020-01-01,26.062911,1.354987,1.354864,1.354887,698660.0,9199196.088887,54.03,3750.0,4.251122,3.136874,31.368736,37.06014,11
76,2021,2021-01-01,26.062911,26.062911,1.354987,1.354864,698660.0,9199196.088887,54.03,3750.0,4.251122,3.136874,31.368736,37.06014,11
76,2022,2022-01-01,26.062936,26.062911,26.062911,1.354987,698660.00002,9199196.088902,54.03,3750.0,4.251122,3.136874,31.368736,37.06014,11
76,2023,2023-01-01,38.415003,26.062936,26.062911,26.062911,698670.0,9199203.342962,54.03,3750.0,4.251122,3.136874,31.368736,37.06014,11
76,2024,2024-01-01,32.723709,38.415003,26.062936,26.062911,698665.391608,9199200.0,54.03,3750.0,4.251122,3.136874,31.368736,37.06014,11
76,2025,2025-01-01,32.723709,32.723709,38.415003,26.062936,698665.391608,9199200.0,54.03,3750.0,4.251122,3.136874,31.368736,37.06014,11
77,2015,2015-01-01,1.992189,,,,698648.909903,9199140.0001,52.97,3800.0,7.111411,6.39952,63.995204,66.411161,11
77,2016,2016-01-01,28.409417,1.992189,,,698669.9999,9199155.908649,52.97,3800.0,7.111411,6.39952,63.995204,66.411161,11
77,2017,2017-01-01,1.992189,28.409417,1.992189,,698648.909903,9199140.0001,52.97,3800.0,7.111411,6.39952,63.995204,66.411161,11
77,2018,2018-01-01,28.409417,1.992189,28.409417,1.992189,698669.9999,9199155.908649,52.97,3800.0,7.111411,6.39952,63.995204,66.411161,11
77,2019,2019-01-01,28.409542,28.409417,1.992189,28.409417,698670.0,9199155.908725,52.97,3800.0,7.111411,6.39952,63.995204,66.411161,11
77,2020,2020-01-01,28.409542,28.409542,28.409417,1.992189,698670.0,9199155.908725,52.97,3800.0,7.111411,6.39952,63.995204,66.411161,11
77,2021,2021-01-01,65.987393,28.409542,28.409542,28.409417,698700.0,9199178.538243,52.97,3800.0,7.111411,6.39952,63.995204,66.411161,11
77,2022,2022-01-01,65.987393,65.987393,28.409542,28.409542,698700.0,9199178.538243,52.97,3800.0,7.111411,6.39952,63.995204,66.411161,11
77,2023,2023-01-01,68.403351,65.987393,65.987393,28.409542,698701.937934,9199180.00006,52.97,3800.0,7.111411,6.39952,63.995204,66.411161,11
77,2024,2024-01-01,65.987393,68.403351,65.987393,65.987393,698700.0,9199178.538243,52.97,3800.0,7.111411,6.39952,63.995204,66.411161,11
77,2025,2025-01-01,65.987393,65.987393,68.403351,65.987393,698700.0,9199178.538243,52.97,3800.0,7.111411,6.39952,63.995204,66.411161,11
78,2015,2015-01-01,4.60384,,,,698700.0,9199135.754937,57.77,3850.0,2.86576,2.363597,23.635972,23.63598,11
78,2016,2016-01-01,4.60384,4.60384,,,698700.0,9199135.754937,57.77,3850.0,2.86576,2.363597,23.635972,23.63598,11
78,2017,2017-01-01,4.60395,4.60384,4.60384,,698700.000093,9199135.754995,57.77,3850.0,2.86576,2.363597,23.635972,23.63598,11
78,2018,2018-01-01,4.603832,4.60395,4.60384,4.60384,698699.999993,9199135.754932,57.77,3850.0,2.86576,2.363597,23.635972,23.63598,11
78,2019,2019-01-01,4.60395,4.603832,4.60395,4.60384,698700.000093,9199135.754995,57.77,3850.0,2.86576,2.363597,23.635972,23.63598,11
78,2020,2020-01-01,4.60384,4.60395,4.603832,4.60395,698700.0,9199135.754937,57.77,3850.0,2.86576,2.363597,23.635972,23.63598,11
78,2021,2021-01-01,12.568014,4.60384,4.60395,4.603832,698706.738446,9199140.0001,57.77,3850.0,2.86576,2.363597,23.635972,23.63598,11
78,2022,2022-01-01,16.42294,12.568014,4.60384,4.60395,698710.000079,9199142.054901,57.77,3850.0,2.86576,2.363597,23.635972,23.63598,11
78,2023,2023-01-01,28.239812,16.42294,12.568014,4.60384,698720.0,9199148.354765,57.77,3850.0,2.86576,2.363597,23.635972,23.63598,11
78,2024,2024-01-01,28.239812,28.239812,16.42294,12.568014,698720.0,9199148.354765,57.77,3850.0,2.86576,2.363597,23.635972,23.63598,11
78,2025,2025-01-01,28.239812,28.239812,28.239812,16.42294,698720.0,9199148.354765,57.77,3850.0,2.86576,2.363597,23.635972,23.63598,11
79,2015,2015-01-01,1.09508,,,,698700.0,9199085.898387,53.85,3900.0,8.589089,6.19142,61.914198,74.29519,11
79,2016,2016-01-01,1.09508,1.09508,,,698700.0,9199085.898387,53.85,3900.0,8.589089,6.19142,61.914198,74.29519,11
79,2017,2017-01-01,1.095093,1.09508,1.09508,,698700.00001,9199085.898394,53.85,3900.0,8.589089,6.19142,61.914198,74.29519,11
79,2018,2018-01-01,1.094969,1.095093,1.09508,1.09508,698699.99991,9199085.898321,53.85,3900.0,8.589089,6.19142,61.914198,74.29519,11
79,2019,2019-01-01,1.095093,1.094969,1.095093,1.09508,698700.00001,9199085.898394,53.85,3900.0,8.589089,6.19142,61.914198,74.29519,11
79,2020,2020-01-01,41.961125,1.095093,1.094969,1.095093,698733.002159,9199110.00007,53.85,3900.0,8.589089,6.19142,61.914198,74.29519,11
79,2021,2021-01-01,41.961125,41.961125,1.095093,1.094969,698733.002159,9199110.00007,53.85,3900.0,8.589089,6.19142,61.914198,74.29519,11
79,2022,2022-01-01,38.2436,41.961125,41.961125,1.095093,698730.0,9199107.807574,53.85,3900.0,8.589089,6.19142,61.914198,74.29519,11
79,2023,2023-01-01,75.390158,38.2436,41.961125,41.961125,698760.0,9199129.716762,53.85,3900.0,8.589089,6.19142,61.914198,74.29519,11
79,2024,2024-01-01,75.390158,75.390158,38.2436,41.961125,698760.0,9199129.716762,53.85,3900.0,8.589089,6.19142,61.914198,74.29519,11
79,2025,2025-01-01,63.009279,75.390158,75.390158,38.2436,698750.0,9199122.413699,53.85,3900.0,8.589089,6.19142,61.914198,74.29519,11
80,2015,2015-01-01,1.371466,,,,698713.840014,9199050.0,34.31,3950.0,8.530021,8.188497,81.884973,84.741864,11
80,2016,2016-01-01,1.371345,1.371466,,,698713.839946,9199049.9999,34.31,3950.0,8.530021,8.188497,81.884973,84.741864,11
80,2017,2017-01-01,37.692619,1.371345,1.371466,,698734.31488,9199080.0001,34.31,3950.0,8.530021,8.188497,81.884973,84.741864,11
80,2018,2018-01-01,30.038147,37.692619,1.371345,1.371466,698729.999921,9199073.677753,34.31,3950.0,8.530021,8.188497,81.884973,84.741864,11
80,2019,2019-01-01,30.038287,30.038147,37.692619,1.371345,698730.0,9199073.677869,34.31,3950.0,8.530021,8.188497,81.884973,84.741864,11
80,2020,2020-01-01,37.69255,30.038287,30.038147,37.692619,698734.314841,9199080.000043,34.31,3950.0,8.530021,8.188497,81.884973,84.741864,11
80,2021,2021-01-01,47.777753,37.69255,30.038287,30.038147,698740.000046,9199088.330096,34.31,3950.0,8.530021,8.188497,81.884973,84.741864,11
80,2022,2022-01-01,47.777672,47.777753,37.69255,30.038287,698740.0,9199088.330029,34.31,3950.0,8.530021,8.188497,81.884973,84.741864,11
80,2023,2023-01-01,83.256439,47.777672,47.777753,37.69255,698760.0,9199117.634348,34.31,3950.0,8.530021,8.188497,81.884973,84.741864,11
80,2024,2024-01-01,86.113209,83.256439,47.777672,47.777753,698761.614542,9199120.0,34.31,3950.0,8.530021,8.188497,81.884973,84.741864,11
80,2025,2025-01-01,83.256439,86.113209,83.256439,47.777672,698760.0,9199117.634348,34.31,3950.0,8.530021,8.188497,81.884973,84.741864,11
81,2015,2015-01-01,0.810925,,,,698763.047558,9199050.0,358.75,4000.0,5.637563,5.001182,50.011821,70.012879,11
81,2016,2016-01-01,0.810825,0.810925,,,698763.04756,9199049.9999,358.75,4000.0,5.637563,5.001182,50.011821,70.012879,11
81,2017,2017-01-01,30.818117,0.810825,0.810925,,698762.395171,9199080.0001,358.75,4000.0,5.637563,5.001182,50.011821,70.012879,11
81,2018,2018-01-01,30.818019,30.818117,0.810825,0.810925,698762.395173,9199080.000002,358.75,4000.0,5.637563,5.001182,50.011821,70.012879,11
81,2019,2019-01-01,0.81087,30.818019,30.818117,0.810825,698763.047559,9199049.999945,358.75,4000.0,5.637563,5.001182,50.011821,70.012879,11
81,2020,2020-01-01,20.815744,0.81087,30.818019,30.818117,698762.612633,9199070.000091,358.75,4000.0,5.637563,5.001182,50.011821,70.012879,11
81,2021,2021-01-01,10.813353,20.815744,0.81087,30.818019,698762.830095,9199060.000064,358.75,4000.0,5.637563,5.001182,50.011821,70.012879,11
81,2022,2022-01-01,40.820471,10.813353,20.815744,0.81087,698762.17771,9199090.000089,358.75,4000.0,5.637563,5.001182,50.011821,70.012879,11
81,2023,2023-01-01,50.822755,40.820471,10.813353,20.815744,698761.96025,9199100.00001,358.75,4000.0,5.637563,5.001182,50.011821,70.012879,11
81,2024,2024-01-01,70.823704,50.822755,40.820471,10.813353,698761.525327,9199120.0,358.75,4000.0,5.637563,5.001182,50.011821,70.012879,11
81,2025,2025-01-01,50.822745,70.823704,50.822755,40.820471,698761.96025,9199100.0,358.75,4000.0,5.637563,5.001182,50.011821,70.012879,11
82,2015,2015-01-01,29.656853,,,,698814.709193,9199080.000027,4.89,4050.0,2.554636,3.011002,30.110023,60.215698,11
82,2016,2016-01-01,29.656826,29.656853,,,698814.70919,9199080.0,4.89,4050.0,2.554636,3.011002,30.110023,60.215698,11
82,2017,2017-01-01,29.656926,29.656826,29.656853,,698814.709199,9199080.0001,4.89,4050.0,2.554636,3.011002,30.110023,60.215698,11
82,2018,2018-01-01,29.656872,29.656926,29.656826,29.656853,698814.709194,9199080.000046,4.89,4050.0,2.554636,3.011002,30.110023,60.215698,11
82,2019,2019-01-01,29.656826,29.656872,29.656926,29.656826,698814.70919,9199080.0,4.89,4050.0,2.554636,3.011002,30.110023,60.215698,11
82,2020,2020-01-01,9.583602,29.656826,29.656872,29.656926,698812.995315,9199060.000077,4.89,4050.0,2.554636,3.011002,30.110023,60.215698,11
82,2021,2021-01-01,19.620268,9.583602,29.656826,29.656872,698813.852257,9199070.000092,4.89,4050.0,2.554636,3.011002,30.110023,60.215698,11
82,2022,2022-01-01,19.620176,19.620268,9.583602,29.656826,698813.852249,9199070.0,4.89,4050.0,2.554636,3.011002,30.110023,60.215698,11
82,2023,2023-01-01,29.656875,19.620176,19.620268,9.583602,698814.709195,9199080.000049,4.89,4050.0,2.554636,3.011002,30.110023,60.215698,11
82,2024,2024-01-01,69.7993,29.656875,19.620176,19.620268,698818.13696,9199120.00007,4.89,4050.0,2.554636,3.011002,30.110023,60.215698,11
82,2025,2025-01-01,59.766876,69.7993,29.656875,19.620176,698817.280022,9199110.0001,4.89,4050.0,2.554636,3.011002,30.110023,60.215698,11
83,2015,2015-01-01,18.378792,,,,698856.874892,9199080.000074,19.94,4100.0,3.578059,2.127608,21.276078,63.823075,11
83,2016,2016-01-01,18.378712,18.378792,,,698856.874865,9199080.0,19.94,4100.0,3.578059,2.127608,21.276078,63.823075,11
83,2017,2017-01-01,18.378819,18.378712,18.378792,,698856.874901,9199080.0001,19.94,4100.0,3.578059,2.127608,21.276078,63.823075,11
83,2018,2018-01-01,18.378798,18.378819,18.378712,18.378792,698856.874894,9199080.000081,19.94,4100.0,3.578059,2.127608,21.276078,63.823075,11
83,2019,2019-01-01,18.378712,18.378798,18.378819,18.378712,698856.874865,9199080.0,19.94,4100.0,3.578059,2.127608,21.276078,63.823075,11
83,2020,2020-01-01,7.740634,18.378712,18.378798,18.378819,698853.245992,9199070.0,19.94,4100.0,3.578059,2.127608,21.276078,63.823075,11
83,2021,2021-01-01,7.740648,7.740634,18.378712,18.378798,698853.245997,9199070.000014,19.94,4100.0,3.578059,2.127608,21.276078,63.823075,11
83,2022,2022-01-01,29.016796,7.740648,7.740634,18.378712,698860.503739,9199090.000005,19.94,4100.0,3.578059,2.127608,21.276078,63.823075,11
83,2023,2023-01-01,39.654869,29.016796,7.740648,7.740634,698864.13261,9199100.0,19.94,4100.0,3.578059,2.127608,21.276078,63.823075,11
83,2024,2024-01-01,71.563709,39.654869,29.016796,7.740648,698875.019263,9199130.0001,19.94,4100.0,3.578059,2.127608,21.276078,63.823075,11
83,2025,2025-01-01,39.654869,71.563709,39.654869,29.016796,698864.13261,9199100.0,19.94,4100.0,3.578059,2.127608,21.276078,63.823075,11
84,2015,2015-01-01,4.702681,,,,698880.0,9199031.325977,78.41,4150.0,2.412606,1.020765,10.207645,30.61993,11
84,2016,2016-01-01,4.702681,4.702681,,,698880.0,9199031.325977,78.41,4150.0,2.412606,1.020765,10.207645,30.61993,11
84,2017,2017-01-01,4.702681,4.702681,4.702681,,698880.0,9199031.325977,78.41,4150.0,2.412606,1.020765,10.207645,30.61993,11
84,2018,2018-01-01,4.702626,4.702681,4.702681,4.702681,698879.999946,9199031.325965,78.41,4150.0,2.412606,1.020765,10.207645,30.61993,11
84,2019,2019-01-01,4.702681,4.702626,4.702681,4.702681,698880.0,9199031.325977,78.41,4150.0,2.412606,1.020765,10.207645,30.61993,11
84,2020,2020-01-01,14.910361,4.702681,4.702626,4.702681,698890.000033,9199033.374404,78.41,4150.0,2.412606,1.020765,10.207645,30.61993,11
84,2021,2021-01-01,14.910327,14.910361,4.702681,4.702626,698890.0,9199033.374397,78.41,4150.0,2.412606,1.020765,10.207645,30.61993,11
84,2022,2022-01-01,14.910327,14.910327,14.910361,4.702681,698890.0,9199033.374397,78.41,4150.0,2.412606,1.020765,10.207645,30.61993,11
84,2023,2023-01-01,25.117972,14.910327,14.910327,14.910361,698900.0,9199035.422818,78.41,4150.0,2.412606,1.020765,10.207645,30.61993,11
84,2024,2024-01-01,35.322556,25.117972,14.910327,14.910327,698910.0,9199037.471239,78.41,4150.0,2.412606,1.020765,10.207645,30.61993,11
84,2025,2025-01-01,14.910327,35.322556,25.117972,14.910327,698890.0,9199033.374397,78.41,4150.0,2.412606,1.020765,10.207645,30.61993,11
85,2015,2015-01-01,0.945052,,,,698850.0,9199012.932244,93.42,4200.0,5.252787,5.00897,50.089704,60.103568,11
85,2016,2016-01-01,0.945052,0.945052,,,698850.0,9199012.932244,93.42,4200.0,5.252787,5.00897,50.089704,60.103568,11
85,2017,2017-01-01,30.998874,0.945052,0.945052,,698880.0,9199011.134399,93.42,4200.0,5.252787,5.00897,50.089704,60.103568,11
85,2018,2018-01-01,30.998797,30.998874,0.945052,0.945052,698879.999923,9199011.134404,93.42,4200.0,5.252787,5.00897,50.089704,60.103568,11
85,2019,2019-01-01,30.998874,30.998797,30.998874,0.945052,698880.0,9199011.134399,93.42,4200.0,5.252787,5.00897,50.089704,60.103568,11
85,2020,2020-01-01,41.016816,30.998874,30.998797,30.998874,698890.000001,9199010.535117,93.42,4200.0,5.252787,5.00897,50.089704,60.103568,11
85,2021,2021-01-01,41.016815,41.016816,30.998874,30.998797,698890.0,9199010.535117,93.42,4200.0,5.252787,5.00897,50.089704,60.103568,11
85,2022,2022-01-01,41.016815,41.016815,41.016816,30.998874,698890.0,9199010.535117,93.42,4200.0,5.252787,5.00897,50.089704,60.103568,11
85,2023,2023-01-01,49.96215,41.016815,41.016815,41.016816,698898.929316,9199010.0,93.42,4200.0,5.252787,5.00897,50.089704,60.103568,11
85,2024,2024-01-01,61.04862,49.96215,41.016815,41.016815,698910.0,9199009.336554,93.42,4200.0,5.252787,5.00897,50.089704,60.103568,11
85,2025,2025-01-01,51.034755,61.04862,49.96215,41.016815,698900.0,9199009.935836,93.42,4200.0,5.252787,5.00897,50.089704,60.103568,11
86,2015,2015-01-01,7.067455,,,,698850.0,9198968.88572,97.75,4250.0,3.76152,3.02769,30.2769,40.364977,11
86,2016,2016-01-01,7.067455,7.067455,,,698850.0,9198968.88572,97.75,4250.0,3.76152,3.02769,30.2769,40.364977,11
86,2017,2017-01-01,7.067455,7.067455,7.067455,,698850.0,9198968.88572,97.75,4250.0,3.76152,3.02769,30.2769,40.364977,11
86,2018,2018-01-01,7.067354,7.067455,7.067455,7.067455,698849.9999,9198968.885734,97.75,4250.0,3.76152,3.02769,30.2769,40.364977,11
86,2019,2019-01-01,7.067473,7.067354,7.067455,7.067455,698850.000018,9198968.885718,97.75,4250.0,3.76152,3.02769,30.2769,40.364977,11
86,2020,2020-01-01,27.252055,7.067473,7.067354,7.067455,698870.0,9198966.162105,97.75,4250.0,3.76152,3.02769,30.2769,40.364977,11
86,2021,2021-01-01,27.252055,27.252055,7.067473,7.067354,698870.0,9198966.162105,97.75,4250.0,3.76152,3.02769,30.2769,40.364977,11
86,2022,2022-01-01,17.159755,27.252055,27.252055,7.067473,698860.0,9198967.523912,97.75,4250.0,3.76152,3.02769,30.2769,40.364977,11
86,2023,2023-01-01,27.252055,17.159755,27.252055,27.252055,698870.0,9198966.162105,97.75,4250.0,3.76152,3.02769,30.2769,40.364977,11
86,2024,2024-01-01,47.432331,27.252055,17.159755,27.252055,698890.000034,9198963.438484,97.75,4250.0,3.76152,3.02769,30.2769,40.364977,11
86,2025,2025-01-01,37.344354,47.432331,27.252055,17.159755,698880.0,9198964.800297,97.75,4250.0,3.76152,3.02769,30.2769,40.364977,11
87,2015,2015-01-01,0.877936,,,,698850.0,9198920.565342,80.14,4300.0,5.259388,2.029985,20.299848,111.645987,11
87,2016,2016-01-01,0.877936,0.877936,,,698850.0,9198920.565342,80.14,4300.0,5.259388,2.029985,20.299848,111.645987,11
87,2017,2017-01-01,31.327708,0.877936,0.877936,,698880.0,9198925.779614,80.14,4300.0,5.259388,2.029985,20.299848,111.645987,11
87,2018,2018-01-01,0.877835,31.327708,0.877936,0.877936,698849.9999,9198920.565325,80.14,4300.0,5.259388,2.029985,20.299848,111.645987,11
87,2019,2019-01-01,0.877995,0.877835,31.327708,0.877936,698850.000058,9198920.565352,80.14,4300.0,5.259388,2.029985,20.299848,111.645987,11
87,2020,2020-01-01,21.177871,0.877995,0.877835,31.327708,698870.000085,9198924.041538,80.14,4300.0,5.259388,2.029985,20.299848,111.645987,11
87,2021,2021-01-01,21.177784,21.177871,0.877995,0.877835,698870.0,9198924.041523,80.14,4300.0,5.259388,2.029985,20.299848,111.645987,11
87,2022,2022-01-01,21.177784,21.177784,21.177871,0.877995,698870.0,9198924.041523,80.14,4300.0,5.259388,2.029985,20.299848,111.645987,11
87,2023,2023-01-01,21.177784,21.177784,21.177784,21.177871,698870.0,9198924.041523,80.14,4300.0,5.259388,2.029985,20.299848,111.645987,11
87,2024,2024-01-01,112.523822,21.177784,21.177784,21.177784,698960.0,9198939.684338,80.14,4300.0,5.259388,2.029985,20.299848,111.645987,11
87,2025,2025-01-01,21.177784,112.523822,21.177784,21.177784,698870.0,9198924.041523,80.14,4300.0,5.259388,2.029985,20.299848,111.645987,11
88,2015,2015-01-01,0.956852,,,,698850.0,9198870.590349,79.44,4350.0,11.096736,8.137694,81.376939,162.750621,11
88,2016,2016-01-01,0.956852,0.956852,,,698850.0,9198870.590349,79.44,4350.0,11.096736,8.137694,81.376939,162.750621,11
88,2017,2017-01-01,61.989557,0.956852,0.956852,,698910.0,9198881.770287,79.44,4350.0,11.096736,8.137694,81.376939,162.750621,11
88,2018,2018-01-01,31.473184,61.989557,0.956852,0.956852,698879.999979,9198876.180314,79.44,4350.0,11.096736,8.137694,81.376939,162.750621,11
88,2019,2019-01-01,0.956954,31.473184,61.989557,0.956852,698850.0001,9198870.590367,79.44,4350.0,11.096736,8.137694,81.376939,162.750621,11
88,2020,2020-01-01,41.645322,0.956954,31.473184,61.989557,698890.0,9198878.043641,79.44,4350.0,11.096736,8.137694,81.376939,162.750621,11
88,2021,2021-01-01,31.473205,41.645322,0.956954,31.473184,698880.0,9198876.180318,79.44,4350.0,11.096736,8.137694,81.376939,162.750621,11
88,2022,2022-01-01,21.301087,31.473205,41.645322,0.956954,698870.0,9198874.316995,79.44,4350.0,11.096736,8.137694,81.376939,162.750621,11
88,2023,2023-01-01,112.850144,21.301087,31.473205,41.645322,698960.0,9198891.086903,79.44,4350.0,11.096736,8.137694,81.376939,162.750621,11
88,2024,2024-01-01,163.707474,112.850144,21.301087,31.473205,699010.0,9198900.403518,79.44,4350.0,11.096736,8.137694,81.376939,162.750621,11
88,2025,2025-01-01,82.333792,163.707474,112.850144,21.301087,698930.0,9198885.496934,79.44,4350.0,11.096736,8.137694,81.376939,162.750621,11
89,2015,2015-01-01,11.652168,,,,698880.0,9198836.14943,76.51,4400.0,12.583907,13.368835,133.688353,174.820192,11
89,2016,2016-01-01,11.65211,11.652168,,,698879.999944,9198836.149417,76.51,4400.0,12.583907,13.368835,133.688353,174.820192,11
89,2017,2017-01-01,104.205643,11.65211,11.652168,,698970.0,9198857.73984,76.51,4400.0,12.583907,13.368835,133.688353,174.820192,11
89,2018,2018-01-01,73.354448,104.205643,11.65211,11.652168,698939.999965,9198850.543028,76.51,4400.0,12.583907,13.368835,133.688353,174.820192,11
89,2019,2019-01-01,11.652168,73.354448,104.205643,11.65211,698880.0,9198836.14943,76.51,4400.0,12.583907,13.368835,133.688353,174.820192,11
89,2020,2020-01-01,71.026603,11.652168,73.354448,104.205643,698937.736343,9198850.0,76.51,4400.0,12.583907,13.368835,133.688353,174.820192,11
89,2021,2021-01-01,28.159167,71.026603,11.652168,73.354448,698896.051584,9198840.0001,76.51,4400.0,12.583907,13.368835,133.688353,174.820192,11
89,2022,2022-01-01,11.65223,28.159167,71.026603,11.652168,698880.00006,9198836.149445,76.51,4400.0,12.583907,13.368835,133.688353,174.820192,11
89,2023,2023-01-01,145.340521,11.65223,28.159167,71.026603,699010.0,9198867.335577,76.51,4400.0,12.583907,13.368835,133.688353,174.820192,11
89,2024,2024-01-01,186.472302,145.340521,11.65223,28.159167,699050.0,9198876.931314,76.51,4400.0,12.583907,13.368835,133.688353,174.820192,11
89,2025,2025-01-01,145.340521,186.472302,145.340521,11.65223,699010.0,9198867.335577,76.51,4400.0,12.583907,13.368835,133.688353,174.820192,11
90,2015,2015-01-01,63.676064,,,,698940.0,9198795.489776,79.77,4450.0,12.533649,14.225539,142.255391,173.185023,11
90,2016,2016-01-01,63.676039,63.676064,,,698939.999976,9198795.489772,79.77,4450.0,12.533649,14.225539,142.255391,173.185023,11
90,2017,2017-01-01,124.644165,63.676039,63.676064,,699000.000096,9198806.310956,79.77,4450.0,12.533649,14.225539,142.255391,173.185023,11
90,2018,2018-01-01,63.676064,124.644165,63.676039,63.676064,698940.0,9198795.489776,79.77,4450.0,12.533649,14.225539,142.255391,173.185023,11
90,2019,2019-01-01,63.676064,63.676064,124.644165,63.676039,698940.0,9198795.489776,79.77,4450.0,12.533649,14.225539,142.255391,173.185023,11
90,2020,2020-01-01,83.998732,63.676064,63.676064,124.644165,698960.0,9198799.09683,79.77,4450.0,12.533649,14.225539,142.255391,173.185023,11
90,2021,2021-01-01,33.192061,83.998732,63.676064,63.676064,698910.0,9198790.079195,79.77,4450.0,12.533649,14.225539,142.255391,173.185023,11
90,2022,2022-01-01,32.746431,33.192061,83.998732,63.676064,698909.561445,9198790.0001,79.77,4450.0,12.533649,14.225539,142.255391,173.185023,11
90,2023,2023-01-01,201.770229,32.746431,33.192061,83.998732,699075.901612,9198820.0,79.77,4450.0,12.533649,14.225539,142.255391,173.185023,11
90,2024,2024-01-01,195.773406,201.770229,32.746431,33.192061,699070.0,9198818.935628,79.77,4450.0,12.533649,14.225539,142.255391,173.185023,11
90,2025,2025-01-01,205.931454,195.773406,201.770229,32.746431,699080.0,9198820.739155,79.77,4450.0,12.533649,14.225539,142.255391,173.185023,11
91,2015,2015-01-01,85.218159,,,,698970.0,9198749.845854,79.94,4500.0,11.79995,11.538448,115.384481,121.870352,11
91,2016,2016-01-01,85.218159,85.218159,,,698970.0,9198749.845854,79.94,4500.0,11.79995,11.538448,115.384481,121.870352,11
91,2017,2017-01-01,115.686586,85.218159,85.218159,,699000.000039,9198755.167758,79.94,4500.0,11.79995,11.538448,115.384481,121.870352,11
91,2018,2018-01-01,85.218058,115.686586,85.218159,85.218159,698969.9999,9198749.845836,79.94,4500.0,11.79995,11.538448,115.384481,121.870352,11
91,2019,2019-01-01,85.218159,85.218058,115.686586,85.218159,698970.0,9198749.845854,79.94,4500.0,11.79995,11.538448,115.384481,121.870352,11
91,2020,2020-01-01,86.100659,85.218159,85.218058,115.686586,698970.868933,9198750.0,79.94,4500.0,11.79995,11.538448,115.384481,121.870352,11
91,2021,2021-01-01,85.218159,86.100659,85.218159,85.218058,698970.0,9198749.845854,79.94,4500.0,11.79995,11.538448,115.384481,121.870352,11
91,2022,2022-01-01,95.374288,85.218159,86.100659,85.218159,698980.0,9198751.61982,79.94,4500.0,11.79995,11.538448,115.384481,121.870352,11
91,2023,2023-01-01,186.779448,95.374288,85.218159,86.100659,699070.0,9198767.58551,79.94,4500.0,11.79995,11.538448,115.384481,121.870352,11
91,2024,2024-01-01,207.08841,186.779448,95.374288,85.218159,699090.0,9198771.133442,79.94,4500.0,11.79995,11.538448,115.384481,121.870352,11
91,2025,2025-01-01,200.60264,207.08841,186.779448,95.374288,699083.610691,9198770.0,79.94,4500.0,11.79995,11.538448,115.384481,121.870352,11
92,2015,2015-01-01,78.291211,,,,698970.0,9198707.320622,73.98,4550.0,11.718403,12.484469,124.844692,124.844796,11
92,2016,2016-01-01,78.291162,78.291211,,,698969.999953,9198707.320608,73.98,4550.0,11.718403,12.484469,124.844692,124.844796,11
92,2017,2017-01-01,124.239079,78.291162,78.291211,,699014.163785,9198720.0,73.98,4550.0,11.718403,12.484469,124.844692,124.844796,11
92,2018,2018-01-01,78.291107,124.239079,78.291162,78.291211,698969.9999,9198707.320593,73.98,4550.0,11.718403,12.484469,124.844692,124.844796,11
92,2019,2019-01-01,78.291211,78.291107,124.239079,78.291162,698970.0,9198707.320622,73.98,4550.0,11.718403,12.484469,124.844692,124.844796,11
92,2020,2020-01-01,140.715029,78.291211,78.291107,124.239079,699030.0,9198724.546561,73.98,4550.0,11.718403,12.484469,124.844692,124.844796,11
92,2021,2021-01-01,88.695259,140.715029,78.291211,78.291107,698980.000075,9198710.191633,73.98,4550.0,11.718403,12.484469,124.844692,124.844796,11
92,2022,2022-01-01,88.695251,88.695259,140.715029,78.291211,698980.000067,9198710.191631,73.98,4550.0,11.718403,12.484469,124.844692,124.844796,11
92,2023,2023-01-01,196.715608,88.695251,88.695259,140.715029,699083.826167,9198740.0,73.98,4550.0,11.718403,12.484469,124.844692,124.844796,11
92,2024,2024-01-01,182.330907,196.715608,88.695251,88.695259,699070.0,9198736.030521,73.98,4550.0,11.718403,12.484469,124.844692,124.844796,11
92,2025,2025-01-01,203.135903,182.330907,196.715608,88.695251,699090.000018,9198741.772506,73.98,4550.0,11.718403,12.484469,124.844692,124.844796,11
93,2015,2015-01-01,65.716896,,,,698970.0,9198664.254002,67.34,4600.0,16.20913,20.588146,205.881458,205.881567,11
93,2016,2016-01-01,65.716792,65.716896,,,698969.999905,9198664.253962,67.34,4600.0,16.20913,20.588146,205.881458,205.881567,11
93,2017,2017-01-01,130.732937,65.716792,65.716896,,699030.000034,9198689.2956,67.34,4600.0,16.20913,20.588146,205.881458,205.881567,11
93,2018,2018-01-01,65.716787,130.732937,65.716792,65.716896,698969.9999,9198664.25396,67.34,4600.0,16.20913,20.588146,205.881458,205.881567,11
93,2019,2019-01-01,65.716896,65.716787,130.732937,65.716792,698970.0,9198664.254002,67.34,4600.0,16.20913,20.588146,205.881458,205.881567,11
93,2020,2020-01-01,132.561788,65.716896,65.716787,130.732937,699031.687788,9198690.0,67.34,4600.0,16.20913,20.588146,205.881458,205.881567,11
93,2021,2021-01-01,87.388925,132.561788,65.716896,65.716787,698990.000026,9198672.601207,67.34,4600.0,16.20913,20.588146,205.881458,205.881567,11
93,2022,2022-01-01,106.598831,87.388925,132.561788,65.716896,699007.727881,9198680.0001,67.34,4600.0,16.20913,20.588146,205.881458,205.881567,11
93,2023,2023-01-01,174.07698,106.598831,87.388925,132.561788,699070.00007,9198705.990003,67.34,4600.0,16.20913,20.588146,205.881458,205.881567,11
93,2024,2024-01-01,195.74899,174.07698,106.598831,87.388925,699090.000078,9198714.337201,67.34,4600.0,16.20913,20.588146,205.881458,205.881567,11
93,2025,2025-01-01,271.598354,195.74899,174.07698,106.598831,699160.000064,9198743.552376,67.34,4600.0,16.20913,20.588146,205.881458,205.881567,11
94,2015,2015-01-01,71.370084,,,,699000.0,9198629.699717,67.24,4650.0,16.518542,18.168575,181.685746,181.685746,11
94,2016,2016-01-01,71.370084,71.370084,,,699000.0,9198629.699717,67.24,4650.0,16.518542,18.168575,181.685746,181.685746,11
94,2017,2017-01-01,103.903722,71.370084,71.370084,,699030.000086,9198642.286711,67.24,4650.0,16.518542,18.168575,181.685746,181.685746,11
94,2018,2018-01-01,72.146227,103.903722,71.370084,71.370084,699000.715701,9198630.0,67.24,4650.0,16.518542,18.168575,181.685746,181.685746,11
94,2019,2019-01-01,72.145968,72.146227,103.903722,71.370084,699000.715463,9198629.9999,67.24,4650.0,16.518542,18.168575,181.685746,181.685746,11
94,2020,2020-01-01,103.903628,72.145968,72.146227,103.903722,699030.0,9198642.286675,67.24,4650.0,16.518542,18.168575,181.685746,181.685746,11
94,2021,2021-01-01,103.903703,103.903628,72.145968,72.146227,699030.000069,9198642.286704,67.24,4650.0,16.518542,18.168575,181.685746,181.685746,11
94,2022,2022-01-01,114.748143,103.903703,103.903628,72.145968,699040.0,9198646.482328,67.24,4650.0,16.518542,18.168575,181.685746,181.685746,11
94,2023,2023-01-01,179.815232,114.748143,103.903703,103.903628,699100.0,9198671.656245,67.24,4650.0,16.518542,18.168575,181.685746,181.685746,11
94,2024,2024-01-01,212.348777,179.815232,114.748143,103.903703,699130.0,9198684.243203,67.24,4650.0,16.518542,18.168575,181.685746,181.685746,11
94,2025,2025-01-01,253.05583,212.348777,179.815232,114.748143,699167.555054,9198700.0,67.24,4650.0,16.518542,18.168575,181.685746,181.685746,11
95,2015,2015-01-01,84.228978,,,,699030.0,9198578.970259,73.71,4700.0,18.374003,19.794515,197.945154,197.945258,11
95,2016,2016-01-01,84.228874,84.228978,,,699029.9999,9198578.97023,73.71,4700.0,18.374003,19.794515,197.945154,197.945258,11
95,2017,2017-01-01,146.73892,84.228874,84.228978,,699090.000012,9198596.505694,73.71,4700.0,18.374003,19.794515,197.945154,197.945258,11
95,2018,2018-01-01,84.22889,146.73892,84.228874,84.228978,699029.999915,9198578.970234,73.71,4700.0,18.374003,19.794515,197.945154,197.945258,11
95,2019,2019-01-01,84.229023,84.22889,146.73892,84.228874,699030.000043,9198578.970272,73.71,4700.0,18.374003,19.794515,197.945154,197.945258,11
95,2020,2020-01-01,157.15723,84.229023,84.22889,146.73892,699100.0,9198599.428262,73.71,4700.0,18.374003,19.794515,197.945154,197.945258,11
95,2021,2021-01-01,105.065717,157.15723,84.229023,84.22889,699050.000091,9198584.81543,73.71,4700.0,18.374003,19.794515,197.945154,197.945258,11
95,2022,2022-01-01,115.484024,105.065717,157.15723,84.229023,699060.000077,9198587.737997,73.71,4700.0,18.374003,19.794515,197.945154,197.945258,11
95,2023,2023-01-01,240.503803,115.484024,105.065717,157.15723,699180.0,9198622.808838,73.71,4700.0,18.374003,19.794515,197.945154,197.945258,11
95,2024,2024-01-01,250.922125,240.503803,115.484024,105.065717,699190.0,9198625.731409,73.71,4700.0,18.374003,19.794515,197.945154,197.945258,11
95,2025,2025-01-01,282.174132,250.922125,240.503803,115.484024,699220.0,9198634.499125,73.71,4700.0,18.374003,19.794515,197.945154,197.945258,11
96,2015,2015-01-01,103.778713,,,,699060.288376,9198524.677342,79.72,4750.0,14.769101,14.198886,141.988864,172.767649,11
96,2016,2016-01-01,103.485585,103.778713,,,699059.999949,9198524.625055,79.72,4750.0,14.769101,14.198886,141.988864,172.767649,11
96,2017,2017-01-01,194.952566,103.485585,103.778713,,699150.0,9198540.940676,79.72,4750.0,14.769101,14.198886,141.988864,172.767649,11
96,2018,2018-01-01,103.48556,194.952566,103.485585,103.778713,699059.999924,9198524.62505,79.72,4750.0,14.769101,14.198886,141.988864,172.767649,11
96,2019,2019-01-01,103.485686,103.48556,194.952566,103.485585,699060.000049,9198524.625073,79.72,4750.0,14.769101,14.198886,141.988864,172.767649,11
96,2020,2020-01-01,164.463646,103.485686,103.48556,194.952566,699120.000055,9198535.502148,79.72,4750.0,14.769101,14.198886,141.988864,172.767649,11
96,2021,2021-01-01,123.811705,164.463646,103.485686,103.48556,699080.000083,9198528.25077,79.72,4750.0,14.769101,14.198886,141.988864,172.767649,11
96,2022,2022-01-01,113.648629,123.811705,164.463646,103.485686,699070.0,9198526.43791,79.72,4750.0,14.769101,14.198886,141.988864,172.767649,11
96,2023,2023-01-01,255.930621,113.648629,123.811705,164.463646,699210.0001,9198551.817768,79.72,4750.0,14.769101,14.198886,141.988864,172.767649,11
96,2024,2024-01-01,276.253209,255.930621,113.648629,123.811705,699230.0,9198555.443442,79.72,4750.0,14.769101,14.198886,141.988864,172.767649,11
96,2025,2025-01-01,245.767578,276.253209,255.930621,113.648629,699200.00005,9198550.004913,79.72,4750.0,14.769101,14.198886,141.988864,172.767649,11
97,2015,2015-01-01,98.997621,,,,699061.00197,9198486.761073,72.44,4800.0,9.891145,13.530447,135.304466,176.415781,10
97,2016,2016-01-01,129.413268,98.997621,,,699089.999977,9198495.93861,72.44,4800.0,9.891145,13.530447,135.304466,176.415781,10
97,2017,2017-01-01,275.413389,129.413268,98.997621,,699229.219545,9198540.000012,72.44,4800.0,9.891145,13.530447,135.304466,176.415781,10
97,2018,2018-01-01,160.879902,275.413389,129.413268,98.997621,699119.999985,9198505.43327,72.44,4800.0,9.891145,13.530447,135.304466,176.415781,10
97,2019,2019-01-01,160.879918,160.879902,275.413389,129.413268,699120.0,9198505.433275,72.44,4800.0,9.891145,13.530447,135.304466,176.415781,10
97,2020,2020-01-01,202.835418,160.879918,160.879902,275.413389,699160.0,9198518.092817,72.44,4800.0,9.891145,13.530447,135.304466,176.415781,10
97,2021,2021-01-01,142.873567,202.835418,160.879918,160.879902,699102.832906,9198500.000086,72.44,4800.0,9.891145,13.530447,135.304466,176.415781,10
97,2022,2022-01-01,176.014686,142.873567,202.835418,160.879918,699134.429353,9198510.0,72.44,4800.0,9.891145,13.530447,135.304466,176.415781,10
97,2023,2023-01-01,275.413402,176.014686,142.873567,202.835418,699229.219531,9198540.000008,72.44,4800.0,9.891145,13.530447,135.304466,176.415781,10
97,2025,2025-01-01,234.302087,275.413402,176.014686,142.873567,699190.000041,9198527.587488,72.44,4800.0,9.891145,13.530447,135.304466,176.415781,10
98,2015,2015-01-01,114.665687,,,,699064.820834,9198479.996075,50.94,4850.0,11.870935,15.870023,158.700235,158.700235,11
98,2016,2016-01-01,147.091568,114.665687,,,699089.999984,9198500.427623,50.94,4850.0,11.870935,15.870023,158.700235,158.700235,11
98,2017,2017-01-01,224.359995,147.091568,114.665687,,699150.0,9198549.114458,50.94,4850.0,11.870935,15.870023,158.700235,158.700235,11
98,2018,2018-01-01,162.283517,224.359995,147.091568,114.665687,699101.796745,9198510.00007,50.94,4850.0,11.870935,15.870023,158.700235,158.700235,11
98,2019,2019-01-01,162.283358,162.283517,224.359995,147.091568,699101.796622,9198509.99997,50.94,4850.0,11.870935,15.870023,158.700235,158.700235,11
98,2020,2020-01-01,194.024503,162.283358,162.283517,224.359995,699126.444065,9198530.000064,50.94,4850.0,11.870935,15.870023,158.700235,158.700235,11
98,2021,2021-01-01,159.969675,194.024503,162.283358,162.283517,699100.000015,9198508.542118,50.94,4850.0,11.870935,15.870023,158.700235,158.700235,11
98,2022,2022-01-01,172.847724,159.969675,194.024503,162.283358,699110.0,9198516.656576,50.94,4850.0,11.870935,15.870023,158.700235,158.700235,11
98,2023,2023-01-01,241.635891,172.847724,159.969675,194.024503,699163.414975,9198560.0,50.94,4850.0,11.870935,15.870023,158.700235,158.700235,11
98,2024,2024-01-01,257.506388,241.635891,172.847724,159.969675,699175.738638,9198570.0,50.94,4850.0,11.870935,15.870023,158.700235,158.700235,11
98,2025,2025-01-01,273.365922,257.506388,241.635891,172.847724,699188.062424,9198580.0001,50.94,4850.0,11.870935,15.870023,158.700235,158.700235,11
99,2015,2015-01-01,111.643051,,,,699090.0,9198476.140858,38.85,4900.0,13.825212,18.472725,184.727252,184.727342,11
99,2016,2016-01-01,111.642961,111.643051,,,699089.999944,9198476.140788,38.85,4900.0,13.825212,18.472725,184.727252,184.727342,11
99,2017,2017-01-01,207.28216,111.642961,111.643051,,699150.0,9198550.617963,38.85,4900.0,13.825212,18.472725,184.727252,184.727342,11
99,2018,2018-01-01,155.123088,207.28216,111.642961,111.643051,699117.277567,9198510.000095,38.85,4900.0,13.825212,18.472725,184.727252,184.727342,11
99,2019,2019-01-01,155.12296,155.123088,207.28216,111.642961,699117.277487,9198509.999995,38.85,4900.0,13.825212,18.472725,184.727252,184.727342,11
99,2020,2020-01-01,175.402549,155.12296,155.123088,207.28216,699130.000058,9198525.792333,38.85,4900.0,13.825212,18.472725,184.727252,184.727342,11
99,2021,2021-01-01,142.281624,175.402549,155.12296,155.123088,699109.221367,9198500.000054,38.85,4900.0,13.825212,18.472725,184.727252,184.727342,11
99,2022,2022-01-01,155.122965,142.281624,175.402549,155.12296,699117.27749,9198510.0,38.85,4900.0,13.825212,18.472725,184.727252,184.727342,11
99,2023,2023-01-01,219.330019,155.122965,142.281624,175.402549,699157.558326,9198560.0,38.85,4900.0,13.825212,18.472725,184.727252,184.727342,11
99,2024,2024-01-01,255.101714,219.330019,155.122965,142.281624,699180.0,9198587.856515,38.85,4900.0,13.825212,18.472725,184.727252,184.727342,11
99,2025,2025-01-01,296.370303,255.101714,219.330019,155.122965,699205.895371,9198620.000053,38.85,4900.0,13.825212,18.472725,184.727252,184.727342,11
100,2015,2015-01-01,69.670006,,,,699102.237349,9198420.0,35.94,4950.0,14.416507,16.657344,166.573438,185.256075,11
100,2016,2016-01-01,99.934851,69.670006,,,699119.999918,9198444.504121,35.94,4950.0,14.416507,16.657344,166.573438,185.256075,11
100,2017,2017-01-01,217.881119,99.934851,69.670006,,699189.223097,9198540.000056,35.94,4950.0,14.416507,16.657344,166.573438,185.256075,11
100,2018,2018-01-01,143.775528,217.881119,99.934851,69.670006,699145.730202,9198480.0,35.94,4950.0,14.416507,16.657344,166.573438,185.256075,11
100,2019,2019-01-01,106.72266,143.775528,217.881119,99.934851,699123.983713,9198449.999913,35.94,4950.0,14.416507,16.657344,166.573438,185.256075,11
100,2020,2020-01-01,180.828381,106.72266,143.775528,217.881119,699167.476683,9198510.000075,35.94,4950.0,14.416507,16.657344,166.573438,185.256075,11
100,2021,2021-01-01,151.050644,180.828381,106.72266,143.775528,699150.0,9198485.890344,35.94,4950.0,14.416507,16.657344,166.573438,185.256075,11
100,2022,2022-01-01,151.050644,151.050644,180.828381,106.72266,699150.0,9198485.890344,35.94,4950.0,14.416507,16.657344,166.573438,185.256075,11
100,2023,2023-01-01,242.582935,151.050644,151.050644,180.828381,699203.7207,9198560.000037,35.94,4950.0,14.416507,16.657344,166.573438,185.256075,11
100,2024,2024-01-01,254.926081,242.582935,151.050644,151.050644,699210.969482,9198570.0,35.94,4950.0,14.416507,16.657344,166.573438,185.256075,11
100,2025,2025-01-01,236.243444,254.926081,242.582935,151.050644,699200.000026,9198554.867229,35.94,4950.0,14.416507,16.657344,166.573438,185.256075,11
101,2015,2015-01-01,1.492792,,,,699094.589126,9198330.000085,44.92,5000.0,19.321633,24.009259,240.092585,296.575752,11
101,2016,2016-01-01,1.492651,1.492792,,,699094.589026,9198329.999985,44.92,5000.0,19.321633,24.009259,240.092585,296.575752,11
101,2017,2017-01-01,298.068403,1.492651,1.492792,,699304.023439,9198540.0001,44.92,5000.0,19.321633,24.009259,240.092585,296.575752,11
101,2018,2018-01-01,86.231335,298.068403,1.492651,1.492792,699154.427454,9198390.000043,44.92,5000.0,19.321633,24.009259,240.092585,296.575752,11
101,2019,2019-01-01,79.961507,86.231335,298.068403,1.492651,699150.0,9198385.560629,44.92,5000.0,19.321633,24.009259,240.092585,296.575752,11
101,2020,2020-01-01,156.846857,79.961507,86.231335,298.068403,699204.292778,9198440.000057,44.92,5000.0,19.321633,24.009259,240.092585,296.575752,11
101,2021,2021-01-01,108.284133,156.846857,79.961507,86.231335,699170.000092,9198405.614743,44.92,5000.0,19.321633,24.009259,240.092585,296.575752,11
101,2022,2022-01-01,65.800259,108.284133,156.846857,79.961507,699140.0,9198375.533618,44.92,5000.0,19.321633,24.009259,240.092585,296.575752,11
101,2023,2023-01-01,241.585378,65.800259,108.284133,156.846857,699264.131092,9198500.0,44.92,5000.0,19.321633,24.009259,240.092585,296.575752,11
101,2024,2024-01-01,278.21898,241.585378,65.800259,108.284133,699290.0,9198525.938783,44.92,5000.0,19.321633,24.009259,240.092585,296.575752,11
101,2025,2025-01-01,241.585378,278.21898,241.585378,65.800259,699264.131092,9198500.0,44.92,5000.0,19.321633,24.009259,240.092585,296.575752,11
102,2015,2015-01-01,3.728805,,,,699130.068822,9198300.000034,52.28,5050.0,22.226587,27.785084,277.85084,277.851003,8
102,2016,2016-01-01,3.728642,3.728805,,,699130.068693,9198299.999934,52.28,5050.0,22.226587,27.785084,277.85084,277.851003,8
102,2018,2018-01-01,150.832402,3.728642,3.728805,,699246.428069,9198390.0,52.28,5050.0,22.226587,27.785084,277.85084,277.851003,8
102,2019,2019-01-01,101.797845,150.832402,3.728642,3.728805,699207.641634,9198359.999996,52.28,5050.0,22.226587,27.785084,277.85084,277.851003,8
102,2020,2020-01-01,180.632566,101.797845,150.832402,3.728642,699270.000059,9198408.232142,52.28,5050.0,22.226587,27.785084,277.85084,277.851003,8
102,2021,2021-01-01,118.142711,180.632566,101.797845,150.832402,699220.570456,9198370.000006,52.28,5050.0,22.226587,27.785084,277.85084,277.851003,8
102,2022,2022-01-01,54.210568,118.142711,180.632566,101.797845,699170.0,9198330.885458,52.28,5050.0,22.226587,27.785084,277.85084,277.851003,8
102,2025,2025-01-01,281.579645,54.210568,118.142711,180.632566,699349.85855,9198470.000001,52.28,5050.0,22.226587,27.785084,277.85084,277.851003,8
104,2015,2015-01-01,60.610286,,,,699192.242242,9198270.000047,19.35,5150.0,16.483919,23.46651,234.665102,241.431983,10
104,2016,2016-01-01,60.610205,60.610286,,,699192.242215,9198269.99997,19.35,5150.0,16.483919,23.46651,234.665102,241.431983,10
104,2017,2017-01-01,251.38803,60.610205,60.610286,,699255.457466,9198450.0,19.35,5150.0,16.483919,23.46651,234.665102,241.431983,10
104,2018,2018-01-01,187.795432,251.38803,60.610205,60.610286,699234.385719,9198390.0,19.35,5150.0,16.483919,23.46651,234.665102,241.431983,10
104,2019,2019-01-01,124.202834,187.795432,251.38803,60.610205,699213.313973,9198330.0,19.35,5150.0,16.483919,23.46651,234.665102,241.431983,10
104,2020,2020-01-01,219.591731,124.202834,187.795432,251.38803,699244.921593,9198420.0,19.35,5150.0,16.483919,23.46651,234.665102,241.431983,10
104,2021,2021-01-01,166.597978,219.591731,124.202834,187.795432,699227.36183,9198370.000074,19.35,5150.0,16.483919,23.46651,234.665102,241.431983,10
104,2022,2022-01-01,53.843406,166.597978,219.591731,124.202834,699190.0,9198263.615454,19.35,5150.0,16.483919,23.46651,234.665102,241.431983,10
104,2023,2023-01-01,295.275389,53.843406,166.597978,219.591731,699270.0,9198491.408622,19.35,5150.0,16.483919,23.46651,234.665102,241.431983,10
104,2025,2025-01-01,295.275389,295.275389,53.843406,166.597978,699270.0,9198491.408622,19.35,5150.0,16.483919,23.46651,234.665102,241.431983,10
106,2015,2015-01-01,1.107418,,,,699230.04719,9198270.000089,348.49,5250.0,14.823634,36.99345,295.947601,295.947601,9
106,2016,2016-01-01,31.722837,1.107418,,,699223.93857,9198299.9999,348.49,5250.0,14.823634,36.99345,295.947601,295.947601,9
106,2017,2017-01-01,276.647909,31.722837,1.107418,,699175.069274,9198540.000072,348.49,5250.0,14.823634,36.99345,295.947601,295.947601,9
106,2018,2018-01-01,101.581075,276.647909,31.722837,1.107418,699209.999928,9198368.453443,348.49,5250.0,14.823634,36.99345,295.947601,295.947601,9
106,2019,2019-01-01,62.338551,101.581075,276.647909,31.722837,699217.829892,9198330.0,348.49,5250.0,14.823634,36.99345,295.947601,295.947601,9
106,2020,2020-01-01,205.211407,62.338551,101.581075,276.647909,699189.322823,9198470.0,348.49,5250.0,14.823634,36.99345,295.947601,295.947601,9
106,2021,2021-01-01,92.954163,205.211407,62.338551,101.581075,699211.721235,9198360.0,348.49,5250.0,14.823634,36.99345,295.947601,295.947601,9
106,2022,2022-01-01,21.517777,92.954163,205.211407,62.338551,699225.974761,9198290.00004,348.49,5250.0,14.823634,36.99345,295.947601,295.947601,9
106,2023,2023-01-01,297.05502,21.517777,92.954163,205.211407,699170.99685,9198560.0,348.49,5250.0,14.823634,36.99345,295.947601,295.947601,9
107,2015,2015-01-01,1.558678,,,,699251.053509,9198240.0,29.6,5300.0,20.747377,25.300851,253.008509,253.008509,8
107,2016,2016-01-01,70.562714,1.558678,,,699285.135308,9198299.9999,29.6,5300.0,20.747377,25.300851,253.008509,253.008509,8
107,2018,2018-01-01,139.567095,70.562714,1.558678,,699319.217277,9198360.0001,29.6,5300.0,20.747377,25.300851,253.008509,253.008509,8
107,2019,2019-01-01,105.064905,139.567095,70.562714,1.558678,699302.176292,9198330.0,29.6,5300.0,20.747377,25.300851,253.008509,253.008509,8
107,2020,2020-01-01,185.569778,105.064905,139.567095,70.562714,699341.938472,9198400.000027,29.6,5300.0,20.747377,25.300851,253.008509,253.008509,8
107,2021,2021-01-01,139.567011,185.569778,105.064905,139.567095,699319.217235,9198360.000027,29.6,5300.0,20.747377,25.300851,253.008509,253.008509,8
107,2022,2022-01-01,139.56704,139.567011,185.569778,105.064905,699319.217249,9198360.000052,29.6,5300.0,20.747377,25.300851,253.008509,253.008509,8
107,2025,2025-01-01,254.567187,139.56704,139.567011,185.569778,699376.020347,9198460.00006,29.6,5300.0,20.747377,25.300851,253.008509,253.008509,8
